url,name,player
https://www.mtgtop8.com/event?e=23476&amp;d=362227&amp;f=ST,4c_Elementals.html,Robert Lippmann
https://www.mtgtop8.com/event?e=23375&amp;d=361284&amp;f=ST,Omnath.html,Clarence Dews
https://www.mtgtop8.com/event?e=23384&amp;d=361361&amp;f=ST,4colour_Good_Stuff.html,Yohan Dudognon
https://www.mtgtop8.com/event?e=22218&amp;d=350495&amp;f=ST,4c_Sun.html,Aaron Barich
https://www.mtgtop8.com/event?e=18688&amp;d=316615&amp;f=ST,4c_Energy.html,rushi_00
https://www.mtgtop8.com/event?e=18183&amp;d=312662&amp;f=ST,4c_Energy.html,jrhwhite
https://www.mtgtop8.com/event?e=17741&amp;d=309961&amp;f=ST,4c_Energy.html,Marc Tobiasch (Germany)
https://www.mtgtop8.com/event?e=17718&amp;d=309760&amp;f=ST,4c_Energy.html,Gerard Fabiano
https://www.mtgtop8.com/event?e=17385&amp;d=307652&amp;f=ST,4c_Energy.html,Mike Sigrist
https://www.mtgtop8.com/event?e=17385&amp;d=307657&amp;f=ST,4c_Energy.html,Piotr Glogowski
https://www.mtgtop8.com/event?e=17385&amp;d=307689&amp;f=ST,4c_Energy.html,Francesco Giorgio
https://www.mtgtop8.com/event?e=17385&amp;d=307690&amp;f=ST,4c_Energy.html,Yuta Hirosawa
https://www.mtgtop8.com/event?e=17385&amp;d=307723&amp;f=ST,4c_Energy.html,Federico Del Basso
https://www.mtgtop8.com/event?e=17385&amp;d=307727&amp;f=ST,4c_Energy.html,Alexander Hayne
https://www.mtgtop8.com/event?e=17385&amp;d=307728&amp;f=ST,4c_Energy.html,Michael Hinderaker
https://www.mtgtop8.com/event?e=17385&amp;d=307729&amp;f=ST,4c_Energy.html,Arne Huschenbeth
https://www.mtgtop8.com/event?e=17385&amp;d=307731&amp;f=ST,4c_Energy.html,Eli Kassis
https://www.mtgtop8.com/event?e=17385&amp;d=307736&amp;f=ST,4c_Energy.html,Samuel Pardee
https://www.mtgtop8.com/event?e=17385&amp;d=307743&amp;f=ST,4c_Energy.html,Matt Severa
https://www.mtgtop8.com/event?e=17385&amp;d=307751&amp;f=ST,4c_Energy.html,Benjamin Weitz
https://www.mtgtop8.com/event?e=23773&amp;d=365167&amp;f=ST,4_Color_Doom.html,Wynand Van Zyl
https://www.mtgtop8.com/event?e=23581&amp;d=363309&amp;f=ST,4c_Control.html,Julian Felix Flury
https://www.mtgtop8.com/event?e=23600&amp;d=363526&amp;f=ST,5c_PW.html,Vincent Choy
https://www.mtgtop8.com/event?e=23516&amp;d=362603&amp;f=ST,4c_Value.html,Keylan Steffins
https://www.mtgtop8.com/event?e=23415&amp;d=361665&amp;f=ST,Golos_Field.html,Laurent Laclaverie
https://www.mtgtop8.com/event?e=23478&amp;d=362239&amp;f=ST,Golos.html,Qail Shivji
https://www.mtgtop8.com/event?e=23371&amp;d=361205&amp;f=ST,Golos.html,Carlos Romão
https://www.mtgtop8.com/event?e=23371&amp;d=361231&amp;f=ST,Golos.html,Jacob Crook
https://www.mtgtop8.com/event?e=23371&amp;d=361241&amp;f=ST,Golos.html,Kenji Egashira
https://www.mtgtop8.com/event?e=23371&amp;d=361244&amp;f=ST,Golos.html,João Lucas Caparroz
https://www.mtgtop8.com/event?e=23371&amp;d=361250&amp;f=ST,Golos.html,Lucas Esper Berthoud
https://www.mtgtop8.com/event?e=23371&amp;d=361252&amp;f=ST,Golos.html,Ole Andvik
https://www.mtgtop8.com/event?e=23371&amp;d=361257&amp;f=ST,Golos.html,Grace Naces
https://www.mtgtop8.com/event?e=23358&amp;d=361076&amp;f=ST,Sultai_Golos.html,MichalMusial
https://www.mtgtop8.com/event?e=23352&amp;d=360916&amp;f=ST,Golos_Yarok.html,Corey Lerch
https://www.mtgtop8.com/event?e=23352&amp;d=360914&amp;f=ST,Golos_Yarok.html,Noah Strasler
https://www.mtgtop8.com/event?e=23352&amp;d=360919&amp;f=ST,Golos.html,Kevin Jones
https://www.mtgtop8.com/event?e=23375&amp;d=361286&amp;f=ST,Golos.html,Zachery Mcintosh
https://www.mtgtop8.com/event?e=23377&amp;d=361297&amp;f=ST,Golos.html,Andrew Manis
https://www.mtgtop8.com/event?e=23377&amp;d=361301&amp;f=ST,Golos.html,Gabriel Dainotto
https://www.mtgtop8.com/event?e=23669&amp;d=364261&amp;f=ST,Abzan_Aggro.html,Kyle Knezovich
https://www.mtgtop8.com/event?e=23277&amp;d=360210&amp;f=ST,Abzan_Midrange.html,Jimmy Kungle
https://www.mtgtop8.com/event?e=23278&amp;d=360211&amp;f=ST,Abzan_Wolves.html,Laschenov Ivan
https://www.mtgtop8.com/event?e=23281&amp;d=360235&amp;f=ST,Abzan_Aggro.html,Kvatt
https://www.mtgtop8.com/event?e=22257&amp;d=350783&amp;f=ST,Abzan_Dreadhorde.html,Dexter Shee
https://www.mtgtop8.com/event?e=22178&amp;d=350118&amp;f=ST,Abzan_Midrange.html,Jorge Ruiz Vidal
https://www.mtgtop8.com/event?e=21871&amp;d=347154&amp;f=ST,Abzan_Precinct_One.html,Aaron Higgins
https://www.mtgtop8.com/event?e=21914&amp;d=347562&amp;f=ST,Abzan_Precinct_One.html,Aaron Higgins
https://www.mtgtop8.com/event?e=21769&amp;d=346499&amp;f=ST,Abzan_Aggro.html,cypriankrzysztof
https://www.mtgtop8.com/event?e=21528&amp;d=344367&amp;f=ST,Abzan_Midrange.html,ajani_alex
https://www.mtgtop8.com/event?e=21130&amp;d=340776&amp;f=ST,Abzan_Aggro.html,Optimis344
https://www.mtgtop8.com/event?e=21078&amp;d=340122&amp;f=ST,Abzan_Aggro.html,kobayui
https://www.mtgtop8.com/event?e=21010&amp;d=339386&amp;f=ST,Abzan_Aggro.html,Uniq
https://www.mtgtop8.com/event?e=20705&amp;d=336521&amp;f=ST,Abzan.html,Juaspas
https://www.mtgtop8.com/event?e=20581&amp;d=335456&amp;f=ST,Abzan.html,Thomas Gyllenhammer
https://www.mtgtop8.com/event?e=20491&amp;d=334540&amp;f=ST,Abzan_Token_Angels.html,John Pennock
https://www.mtgtop8.com/event?e=20513&amp;d=334774&amp;f=ST,Abzan_Aggro.html,Andrew Youngquist
https://www.mtgtop8.com/event?e=20476&amp;d=334333&amp;f=ST,Abzan_Aggro.html,Butakov
https://www.mtgtop8.com/event?e=20424&amp;d=333799&amp;f=ST,Abzan.html,Angel Jay Layson
https://www.mtgtop8.com/event?e=20312&amp;d=332872&amp;f=ST,Abzan_Value.html,Tulio_Jaudy
https://www.mtgtop8.com/event?e=23787&amp;d=365288&amp;f=ST,Golgari_Adventure.html,David Chamberlain
https://www.mtgtop8.com/event?e=23790&amp;d=365310&amp;f=ST,Adventure.html,Yamada Chiaki
https://www.mtgtop8.com/event?e=23790&amp;d=365312&amp;f=ST,Adventure.html,Yamamura Shouma
https://www.mtgtop8.com/event?e=23793&amp;d=365335&amp;f=ST,Selesnya_Adventure.html,a_p_s
https://www.mtgtop8.com/event?e=23793&amp;d=365338&amp;f=ST,Adventure.html,CLYDE THE GLIDE DREXLER
https://www.mtgtop8.com/event?e=23710&amp;d=364579&amp;f=ST,Grull_Adventure.html,Christophe Paris
https://www.mtgtop8.com/event?e=23753&amp;d=364981&amp;f=ST,Gruul_Adventures.html,Carson Bell
https://www.mtgtop8.com/event?e=23753&amp;d=364980&amp;f=ST,nan.html,Kristjan Bullock
https://www.mtgtop8.com/event?e=23704&amp;d=364530&amp;f=ST,Golgari_Adventure.html,Vladislav Blinov
https://www.mtgtop8.com/event?e=23704&amp;d=364534&amp;f=ST,Golgari_Adventure.html,Saher Khalil
https://www.mtgtop8.com/event?e=23721&amp;d=364652&amp;f=ST,Golgari_Adventures.html,Philip Reeves
https://www.mtgtop8.com/event?e=23724&amp;d=364688&amp;f=ST,Golgari_Adventure.html,Antoine Cointe
https://www.mtgtop8.com/event?e=23688&amp;d=364406&amp;f=ST,Adventure.html,NinoMtg
https://www.mtgtop8.com/event?e=23653&amp;d=364110&amp;f=ST,Adventure.html,SgtMcMuffins
https://www.mtgtop8.com/event?e=23645&amp;d=363993&amp;f=ST,Golgari_Adventures.html,Demyanov Gleb
https://www.mtgtop8.com/event?e=23645&amp;d=363994&amp;f=ST,Golgari_Adventures.html,Cherkashin Dmitriy
https://www.mtgtop8.com/event?e=23666&amp;d=364235&amp;f=ST,Adventure.html,Kashiwazaki Isamu
https://www.mtgtop8.com/event?e=23614&amp;d=363660&amp;f=ST,Adventure.html,SgtMcMuffins
https://www.mtgtop8.com/event?e=23614&amp;d=363661&amp;f=ST,Adventure.html,soccerdude789
https://www.mtgtop8.com/event?e=23590&amp;d=363408&amp;f=ST,Bant_Adventure.html,Mirozel1
https://www.mtgtop8.com/event?e=23278&amp;d=360213&amp;f=ST,Azorius_Fliers.html,Dyachenko Andrew
https://www.mtgtop8.com/event?e=23125&amp;d=358902&amp;f=ST,Geister.html,Jan-dirk Matuszewski
https://www.mtgtop8.com/event?e=23014&amp;d=357808&amp;f=ST,Azorius_Aggro.html,golemjr
https://www.mtgtop8.com/event?e=22986&amp;d=357565&amp;f=ST,Azorius_Aggro.html,yoshidora
https://www.mtgtop8.com/event?e=22965&amp;d=357368&amp;f=ST,Azorius_Aggro.html,Takahashi Naoya
https://www.mtgtop8.com/event?e=22710&amp;d=355064&amp;f=ST,Azorius_Aggro.html,Kunitomo Daisuke
https://www.mtgtop8.com/event?e=22493&amp;d=353029&amp;f=ST,Azorius_Aggro.html,hieronymus_mosh
https://www.mtgtop8.com/event?e=22482&amp;d=352899&amp;f=ST,Azorius_Fly.html,Yellowhat
https://www.mtgtop8.com/event?e=22530&amp;d=353439&amp;f=ST,Azorius_Aggro.html,Miyata Kentarou
https://www.mtgtop8.com/event?e=20122&amp;d=330924&amp;f=ST,UW_Auras.html,__GMF__
https://www.mtgtop8.com/event?e=19658&amp;d=326201&amp;f=ST,Azorius_Aggro.html,5647382910
https://www.mtgtop8.com/event?e=19174&amp;d=321309&amp;f=ST,Uw_Auras.html,Dogan Sevik
https://www.mtgtop8.com/event?e=19130&amp;d=320877&amp;f=ST,Azorius_Aggro.html,Giacomo Brusatori
https://www.mtgtop8.com/event?e=19094&amp;d=320468&amp;f=ST,Azorius_Aggro.html,Mori Yuuki
https://www.mtgtop8.com/event?e=19076&amp;d=320224&amp;f=ST,Azorius_Embalm.html,Matt Haney
https://www.mtgtop8.com/event?e=19020&amp;d=319693&amp;f=ST,UW_Auras.html,Mazuku94
https://www.mtgtop8.com/event?e=18903&amp;d=318495&amp;f=ST,UW_Auras.html,Michiel Valcke
https://www.mtgtop8.com/event?e=18869&amp;d=318123&amp;f=ST,UW_Auras.html,Mazuku94
https://www.mtgtop8.com/event?e=18695&amp;d=316691&amp;f=ST,Azorius_Aggro.html,masuko
https://www.mtgtop8.com/event?e=18646&amp;d=316217&amp;f=ST,Uw_Auras.html,Jordan Dean
https://www.mtgtop8.com/event?e=23741&amp;d=364835&amp;f=ST,Bant_Food.html,Nebykov Denis
https://www.mtgtop8.com/event?e=23578&amp;d=363290&amp;f=ST,Bant_Food.html,Popov Stanislav
https://www.mtgtop8.com/event?e=23575&amp;d=363273&amp;f=ST,Bant_Aggro.html,Makoto Horiuchi
https://www.mtgtop8.com/event?e=23525&amp;d=362744&amp;f=ST,Bant_Aggro.html,Niceguymtg
https://www.mtgtop8.com/event?e=23532&amp;d=362883&amp;f=ST,Bant_Aggro.html,Yanase Kaname
https://www.mtgtop8.com/event?e=23534&amp;d=362900&amp;f=ST,Bant_Aggro.html,Lance Mutter
https://www.mtgtop8.com/event?e=23537&amp;d=362919&amp;f=ST,Bant_Oko.html,Whiteba
https://www.mtgtop8.com/event?e=23529&amp;d=362853&amp;f=ST,Bant_Aggro.html,Goshima Akito
https://www.mtgtop8.com/event?e=23554&amp;d=363046&amp;f=ST,Bant_Aggro.html,Sam Birkenbile
https://www.mtgtop8.com/event?e=23467&amp;d=362147&amp;f=ST,Bant_Aggro.html,tangrams
https://www.mtgtop8.com/event?e=23479&amp;d=362247&amp;f=ST,Bant_Food.html,Popov Stanislav
https://www.mtgtop8.com/event?e=23371&amp;d=361213&amp;f=ST,Bant_Aggro.html,Andrea Mengucci
https://www.mtgtop8.com/event?e=23371&amp;d=361242&amp;f=ST,Bant_Aggro_PW.html,Jessica Estephan
https://www.mtgtop8.com/event?e=23371&amp;d=361243&amp;f=ST,Bant_Aggro.html,Márcio Carvalho
https://www.mtgtop8.com/event?e=23355&amp;d=361031&amp;f=ST,Bant_Aggro.html,im2g00t4ubarn
https://www.mtgtop8.com/event?e=23384&amp;d=361359&amp;f=ST,Bant_Midrange.html,Emiliano Arevalo
https://www.mtgtop8.com/event?e=23285&amp;d=360262&amp;f=ST,Bant_Aggro_PW.html,Matt Nass
https://www.mtgtop8.com/event?e=23317&amp;d=360599&amp;f=ST,Bant_Aggro.html,Mori Mitsuhiro
https://www.mtgtop8.com/event?e=23317&amp;d=360603&amp;f=ST,Bant_Aggro.html,Asao Kazuki
https://www.mtgtop8.com/event?e=23264&amp;d=360073&amp;f=ST,Bant_Precinct_One.html,FlamboyasaurusSex
https://www.mtgtop8.com/event?e=23790&amp;d=365307&amp;f=ST,Bant_Ramp.html,Tomita Hiroki
https://www.mtgtop8.com/event?e=23739&amp;d=364823&amp;f=ST,Bant_Control.html,Abram Goldstein
https://www.mtgtop8.com/event?e=23653&amp;d=364106&amp;f=ST,Bant_Control.html,pepeteam
https://www.mtgtop8.com/event?e=23653&amp;d=364112&amp;f=ST,Bant_Control.html,MountainMaster13
https://www.mtgtop8.com/event?e=23669&amp;d=364262&amp;f=ST,Bant_Control.html,Christian Keffer
https://www.mtgtop8.com/event?e=23671&amp;d=364269&amp;f=ST,Bant_Food.html,Matteo Soldi
https://www.mtgtop8.com/event?e=23671&amp;d=364274&amp;f=ST,Bant_Food.html,Alessio Magris
https://www.mtgtop8.com/event?e=23712&amp;d=364589&amp;f=ST,Bant_Ramp.html,Nikhilesh Mahendran
https://www.mtgtop8.com/event?e=23628&amp;d=363836&amp;f=ST,Bant_Control.html,Nicolas Delvalle
https://www.mtgtop8.com/event?e=23628&amp;d=363839&amp;f=ST,Bant_Control.html,Jeremy Dezani
https://www.mtgtop8.com/event?e=23681&amp;d=364356&amp;f=ST,Bant_Control.html,Vicent Silvestre
https://www.mtgtop8.com/event?e=23681&amp;d=364362&amp;f=ST,Bant_Control.html,Brendan Johnson
https://www.mtgtop8.com/event?e=23614&amp;d=363662&amp;f=ST,Bant_Control.html,Patxi
https://www.mtgtop8.com/event?e=23614&amp;d=363664&amp;f=ST,Bant_Control.html,_Tia93_
https://www.mtgtop8.com/event?e=23581&amp;d=363304&amp;f=ST,Bant_Control.html,Antoine Lagarde
https://www.mtgtop8.com/event?e=23581&amp;d=363306&amp;f=ST,Bant_Control.html,Thierry Ramboa
https://www.mtgtop8.com/event?e=23590&amp;d=363420&amp;f=ST,Bant_Control.html,Brener
https://www.mtgtop8.com/event?e=23594&amp;d=363483&amp;f=ST,Bant_Control.html,_Tia93_
https://www.mtgtop8.com/event?e=23586&amp;d=363350&amp;f=ST,Bant_Reclamation.html,Remi Saget
https://www.mtgtop8.com/event?e=23586&amp;d=363352&amp;f=ST,Bant_Control.html,Jérémy Leteve
https://www.mtgtop8.com/event?e=23773&amp;d=365166&amp;f=ST,Boros_Feather.html,Robert Wild
https://www.mtgtop8.com/event?e=23666&amp;d=364239&amp;f=ST,Boros_Aggro.html,Morooka Jun
https://www.mtgtop8.com/event?e=23594&amp;d=363472&amp;f=ST,Boros_Aggro.html,ElYallo
https://www.mtgtop8.com/event?e=23517&amp;d=362612&amp;f=ST,Boros_Aggro.html,Hujisaki Masahiko
https://www.mtgtop8.com/event?e=23370&amp;d=361190&amp;f=ST,Boros_Aggro.html,Takahashi Ryou
https://www.mtgtop8.com/event?e=23340&amp;d=360813&amp;f=ST,Boros_Aggro.html,Aaro Nieminen
https://www.mtgtop8.com/event?e=23332&amp;d=360735&amp;f=ST,Boros_Aggro.html,Kanye Best
https://www.mtgtop8.com/event?e=23303&amp;d=360480&amp;f=ST,Boros_Aggro.html,Matuffino
https://www.mtgtop8.com/event?e=23210&amp;d=359597&amp;f=ST,Boros_Feather.html,Poyo_del_Mal
https://www.mtgtop8.com/event?e=23210&amp;d=359601&amp;f=ST,Boros_Feather.html,SeanElsewhere
https://www.mtgtop8.com/event?e=23221&amp;d=359671&amp;f=ST,Rw_Feather.html,Faskill
https://www.mtgtop8.com/event?e=23166&amp;d=359230&amp;f=ST,Boros_Feather.html,Poyo_del_Mal
https://www.mtgtop8.com/event?e=23197&amp;d=359510&amp;f=ST,Boros_Feather.html,Hayata Akira
https://www.mtgtop8.com/event?e=23197&amp;d=359511&amp;f=ST,Boros_Feather.html,Kimoto Keiya
https://www.mtgtop8.com/event?e=23198&amp;d=359523&amp;f=ST,Boros_Feather.html,Nakamura Kazuhiro
https://www.mtgtop8.com/event?e=23154&amp;d=359121&amp;f=ST,Boros_Feather.html,Huey Jensen
https://www.mtgtop8.com/event?e=23154&amp;d=359122&amp;f=ST,Boros_Feather.html,Brad Nelson
https://www.mtgtop8.com/event?e=23127&amp;d=358911&amp;f=ST,Boros_Feather.html,Uchoa
https://www.mtgtop8.com/event?e=23082&amp;d=358426&amp;f=ST,Boros_Feather.html,Lewkmtg
https://www.mtgtop8.com/event?e=23125&amp;d=358900&amp;f=ST,Boros_Feather.html,Jens Bosau
https://www.mtgtop8.com/event?e=23355&amp;d=361036&amp;f=ST,Dimir_Midrange.html,KelMasterP
https://www.mtgtop8.com/event?e=23358&amp;d=361082&amp;f=ST,Dimir_Midrange.html,KelMasterP
https://www.mtgtop8.com/event?e=23231&amp;d=359747&amp;f=ST,Dimir_Midrange.html,Camdenrk
https://www.mtgtop8.com/event?e=22860&amp;d=356310&amp;f=ST,Dimir_Zombies.html,Rodrigo Pereira
https://www.mtgtop8.com/event?e=22009&amp;d=348576&amp;f=ST,Dimir_Midrange.html,mareo83
https://www.mtgtop8.com/event?e=21990&amp;d=348394&amp;f=ST,Dimir_Midrange.html,Luis Machado
https://www.mtgtop8.com/event?e=21839&amp;d=346932&amp;f=ST,Dimir_Midrange.html,AKnightWhoSaysNi
https://www.mtgtop8.com/event?e=21913&amp;d=347551&amp;f=ST,Dimir_Midrange.html,Ellison Berryhill
https://www.mtgtop8.com/event?e=21574&amp;d=344818&amp;f=ST,Dimir_Midrange.html,MatiCheto
https://www.mtgtop8.com/event?e=21422&amp;d=343414&amp;f=ST,Dimir_Midrange.html,Rooney56
https://www.mtgtop8.com/event?e=21316&amp;d=342658&amp;f=ST,DimirMidrange.html,Scappie
https://www.mtgtop8.com/event?e=21359&amp;d=342802&amp;f=ST,Dimir_Midrange.html,_mad_k1022
https://www.mtgtop8.com/event?e=21176&amp;d=341262&amp;f=ST,Dimir_Pirates.html,Jimmy Stubbs
https://www.mtgtop8.com/event?e=21165&amp;d=341159&amp;f=ST,Dimir_Midrange.html,Ihavethefire
https://www.mtgtop8.com/event?e=21078&amp;d=340130&amp;f=ST,Dimir_Midrange.html,OafMcNamara
https://www.mtgtop8.com/event?e=20906&amp;d=338415&amp;f=ST,Dimir_Pirates.html,Jack Anid
https://www.mtgtop8.com/event?e=20805&amp;d=337565&amp;f=ST,Dimir_Midrange.html,JMM
https://www.mtgtop8.com/event?e=20638&amp;d=335904&amp;f=ST,Dimir_Midrange.html,TroyGG36
https://www.mtgtop8.com/event?e=20637&amp;d=335890&amp;f=ST,Quasiduplicate.html,Jesse Kennon
https://www.mtgtop8.com/event?e=20328&amp;d=333021&amp;f=ST,Dimir_Pirates.html,Barry Wilson
https://www.mtgtop8.com/event?e=23734&amp;d=364788&amp;f=ST,Esper_DOOM.html,Mesheryakov Maxim
https://www.mtgtop8.com/event?e=23704&amp;d=364533&amp;f=ST,Esper_DOOM.html,Christian Pearse
https://www.mtgtop8.com/event?e=23741&amp;d=364836&amp;f=ST,Esper_Danse.html,Vasiliev Vitaliy
https://www.mtgtop8.com/event?e=23678&amp;d=364324&amp;f=ST,Esper_DOOM.html,Jeff
https://www.mtgtop8.com/event?e=23712&amp;d=364584&amp;f=ST,Esper_Control.html,Shamsul Zainuddin
https://www.mtgtop8.com/event?e=23614&amp;d=363658&amp;f=ST,Esper_DOOM.html,melv.p
https://www.mtgtop8.com/event?e=23590&amp;d=363412&amp;f=ST,Esper_DOOM.html,ristinend
https://www.mtgtop8.com/event?e=23574&amp;d=363268&amp;f=ST,Esper_Control.html,Shamsul Bahrain
https://www.mtgtop8.com/event?e=23600&amp;d=363527&amp;f=ST,Esper_DOOM.html,Kurt Stockbrugger
https://www.mtgtop8.com/event?e=23525&amp;d=362799&amp;f=ST,Esper_DOOM.html,Cydonia
https://www.mtgtop8.com/event?e=23545&amp;d=362979&amp;f=ST,Esper_Doom.html,Vasiliev Vitaliy
https://www.mtgtop8.com/event?e=23554&amp;d=363044&amp;f=ST,Esper_DOOM.html,Devin Lafleur
https://www.mtgtop8.com/event?e=23494&amp;d=362360&amp;f=ST,Esper_Doom.html,Vasiliev Vitaliy
https://www.mtgtop8.com/event?e=23420&amp;d=361709&amp;f=ST,Esper_Control.html,Nakane Nozomi
https://www.mtgtop8.com/event?e=23420&amp;d=361710&amp;f=ST,Esper_DOOM.html,Taniguchi Syougo
https://www.mtgtop8.com/event?e=23340&amp;d=360814&amp;f=ST,Esper_Doom.html,Anssi Alkio
https://www.mtgtop8.com/event?e=23311&amp;d=360537&amp;f=ST,Esper_DOOM.html,Vincentius Gondowijoyo
https://www.mtgtop8.com/event?e=23272&amp;d=360162&amp;f=ST,Esper_Control.html,Onoe Hajime
https://www.mtgtop8.com/event?e=23281&amp;d=360230&amp;f=ST,Esper_DOOM.html,Marcasaurus
https://www.mtgtop8.com/event?e=23281&amp;d=360231&amp;f=ST,Esper_DOOM.html,Tableleg23
https://www.mtgtop8.com/event?e=23787&amp;d=365290&amp;f=ST,Esper_Hero.html,Robert Wise
https://www.mtgtop8.com/event?e=23330&amp;d=360713&amp;f=ST,Esper_Precinct_One.html,Awesome7574
https://www.mtgtop8.com/event?e=23210&amp;d=359596&amp;f=ST,Esper_Precinct_One.html,Awesome7574
https://www.mtgtop8.com/event?e=23043&amp;d=358086&amp;f=ST,Esper_Midrange.html,Eduardo Soto
https://www.mtgtop8.com/event?e=22867&amp;d=356364&amp;f=ST,Esper_Midrange.html,Takeno Ryo
https://www.mtgtop8.com/event?e=22812&amp;d=355918&amp;f=ST,Esper_Hero.html,Ingham Ramsay
https://www.mtgtop8.com/event?e=22785&amp;d=355691&amp;f=ST,Esper_Hero.html,Awesome7574
https://www.mtgtop8.com/event?e=22762&amp;d=355496&amp;f=ST,Esper_Midrange.html,Awesome7574
https://www.mtgtop8.com/event?e=22692&amp;d=354889&amp;f=ST,Esper_Hero.html,Ihavethefire
https://www.mtgtop8.com/event?e=22701&amp;d=354973&amp;f=ST,Esper_Hero.html,ryugi
https://www.mtgtop8.com/event?e=22633&amp;d=354387&amp;f=ST,Esper_Midrange.html,ryugi
https://www.mtgtop8.com/event?e=22660&amp;d=354634&amp;f=ST,Esper_Hero.html,Theeradet Yingviriyaprapan
https://www.mtgtop8.com/event?e=22563&amp;d=353795&amp;f=ST,Esper_Midrange.html,beraldi
https://www.mtgtop8.com/event?e=22556&amp;d=353700&amp;f=ST,Esper_Precinct_One.html,Brian Braun-duin
https://www.mtgtop8.com/event?e=22482&amp;d=352895&amp;f=ST,Esper_Precinct_One.html,Brian Braun-Duin
https://www.mtgtop8.com/event?e=22484&amp;d=352924&amp;f=ST,Esper_Precinct_One.html,Benjamin Tario
https://www.mtgtop8.com/event?e=22256&amp;d=350766&amp;f=ST,Esper_Precinct_One.html,Waifugate
https://www.mtgtop8.com/event?e=22256&amp;d=350768&amp;f=ST,Esper_Precinct_One.html,Brian Braun-duin
https://www.mtgtop8.com/event?e=22256&amp;d=350772&amp;f=ST,Esper_Precinct_One.html,Corey Baumeister
https://www.mtgtop8.com/event?e=22232&amp;d=350585&amp;f=ST,Esper_Precinct_One.html,AlfredoTorres
https://www.mtgtop8.com/event?e=23787&amp;d=365287&amp;f=ST,Jeskai_Fires.html,Nicholas Koh
https://www.mtgtop8.com/event?e=23787&amp;d=365292&amp;f=ST,Jeskai_Fires.html,Ben Ryan
https://www.mtgtop8.com/event?e=23787&amp;d=365293&amp;f=ST,Niv-mizzet_Fires.html,Shawn Rayson
https://www.mtgtop8.com/event?e=23790&amp;d=365309&amp;f=ST,Fires_of_Invention.html,Nshio Tomoyasu
https://www.mtgtop8.com/event?e=23793&amp;d=365326&amp;f=ST,Fires_of_Invention.html,Gobern
https://www.mtgtop8.com/event?e=23793&amp;d=365330&amp;f=ST,Fires_of_Invention.html,GenerateWinner
https://www.mtgtop8.com/event?e=23793&amp;d=365331&amp;f=ST,Fires_of_Invention.html,tangrams
https://www.mtgtop8.com/event?e=23793&amp;d=365333&amp;f=ST,Fires_of_Invention.html,Brokenwingss
https://www.mtgtop8.com/event?e=23772&amp;d=365159&amp;f=ST,Fires_of_Invention.html,katoriarch123
https://www.mtgtop8.com/event?e=23772&amp;d=365162&amp;f=ST,Fires_of_Invention.html,Brokenwingss
https://www.mtgtop8.com/event?e=23763&amp;d=365042&amp;f=ST,Fires_of_Invention.html,ht991122
https://www.mtgtop8.com/event?e=23749&amp;d=364941&amp;f=ST,Fires_of_Invention.html,Kiyofuji Kazuya
https://www.mtgtop8.com/event?e=23753&amp;d=364985&amp;f=ST,Jeskai_Fires.html,Kyle Maas
https://www.mtgtop8.com/event?e=23704&amp;d=364535&amp;f=ST,Jeskai_Fires.html,Brennan Garcia
https://www.mtgtop8.com/event?e=23716&amp;d=364613&amp;f=ST,Chandra_Fires.html,Nate L
https://www.mtgtop8.com/event?e=23688&amp;d=364410&amp;f=ST,Fires_of_Invention.html,ht991122
https://www.mtgtop8.com/event?e=23678&amp;d=364321&amp;f=ST,Fires_of_Invention.html,Onin
https://www.mtgtop8.com/event?e=23678&amp;d=364323&amp;f=ST,Fires_of_Invention.html,Raeko
https://www.mtgtop8.com/event?e=23643&amp;d=363973&amp;f=ST,Fires_of_Invention.html,Jonathan Sukenik
https://www.mtgtop8.com/event?e=23666&amp;d=364236&amp;f=ST,Fires_of_Invention.html,Fukuji Yuuta
https://www.mtgtop8.com/event?e=23279&amp;d=360218&amp;f=ST,Gate_Control.html,Noe
https://www.mtgtop8.com/event?e=23238&amp;d=359834&amp;f=ST,Gated.html,Noe
https://www.mtgtop8.com/event?e=23231&amp;d=359760&amp;f=ST,Tour27.html,Noe
https://www.mtgtop8.com/event?e=23165&amp;d=359225&amp;f=ST,Gate_Control.html,Carlos Roberto Krüger
https://www.mtgtop8.com/event?e=22939&amp;d=357055&amp;f=ST,Gates-pearl_Harbor.html,Kylle Combista
https://www.mtgtop8.com/event?e=22160&amp;d=349972&amp;f=ST,Gate_Control.html,Christopher Japinga
https://www.mtgtop8.com/event?e=21907&amp;d=347507&amp;f=ST,4c_Gates.html,Lucas Rinieri
https://www.mtgtop8.com/event?e=21616&amp;d=345130&amp;f=ST,Gate_Control.html,Kanazawa Yuusuke
https://www.mtgtop8.com/event?e=21385&amp;d=343092&amp;f=ST,Gate_Control.html,Aleksander Hudson
https://www.mtgtop8.com/event?e=21176&amp;d=341265&amp;f=ST,Gates.html,Joshua Krotz
https://www.mtgtop8.com/event?e=21158&amp;d=341067&amp;f=ST,Nexus_Of_Gates.html,Matthew Beltran
https://www.mtgtop8.com/event?e=21164&amp;d=341142&amp;f=ST,Gate_Control.html,Samuel Defeo
https://www.mtgtop8.com/event?e=21103&amp;d=340433&amp;f=ST,Gate_Control.html,Thijz
https://www.mtgtop8.com/event?e=21123&amp;d=340640&amp;f=ST,Gate_Control.html,Austin Clark
https://www.mtgtop8.com/event?e=21124&amp;d=340699&amp;f=ST,Gate_Control.html,Drake Sasser
https://www.mtgtop8.com/event?e=21070&amp;d=340013&amp;f=ST,Four_Color_Gates.html,Dylan Feeman
https://www.mtgtop8.com/event?e=21027&amp;d=339587&amp;f=ST,Gate_Control.html,GHash77
https://www.mtgtop8.com/event?e=21021&amp;d=339531&amp;f=ST,Gate_Control.html,Skite
https://www.mtgtop8.com/event?e=21010&amp;d=339388&amp;f=ST,Gate_Control.html,GGoggles
https://www.mtgtop8.com/event?e=23793&amp;d=365327&amp;f=ST,Golgari_Aggro.html,_Batutinha_
https://www.mtgtop8.com/event?e=23772&amp;d=365164&amp;f=ST,Golgari_Aggro.html,Venom1
https://www.mtgtop8.com/event?e=23628&amp;d=363792&amp;f=ST,Golgari_Aggro.html,Eli Kassis
https://www.mtgtop8.com/event?e=23482&amp;d=362275&amp;f=ST,Golgari_Food.html,Michael Agnes
https://www.mtgtop8.com/event?e=23424&amp;d=361767&amp;f=ST,Golgari_Aggro.html,VTCLA
https://www.mtgtop8.com/event?e=23408&amp;d=361602&amp;f=ST,Golgari_Food.html,Lkv118
https://www.mtgtop8.com/event?e=23371&amp;d=361203&amp;f=ST,Golgari_Aggro.html,Luis Salvatto
https://www.mtgtop8.com/event?e=23371&amp;d=361215&amp;f=ST,Golgari_Aggro.html,Raphaël Lévy
https://www.mtgtop8.com/event?e=23371&amp;d=361216&amp;f=ST,Golgari_Aggro.html,Matias Alfredo Leveratto
https://www.mtgtop8.com/event?e=23371&amp;d=361225&amp;f=ST,Golgari_Aggro.html,Piotr Głogowski
https://www.mtgtop8.com/event?e=23371&amp;d=361259&amp;f=ST,Golgari_Aggro.html,Ashley Muñoz
https://www.mtgtop8.com/event?e=23355&amp;d=361034&amp;f=ST,Golgari_Aggro.html,pepeteam
https://www.mtgtop8.com/event?e=23355&amp;d=361027&amp;f=ST,Golgari_Aggro.html,FestiFan
https://www.mtgtop8.com/event?e=23355&amp;d=361018&amp;f=ST,Golgari_Aggro.html,dillyg10
https://www.mtgtop8.com/event?e=23352&amp;d=360912&amp;f=ST,Golgari_Aggro.html,Matt Culbert
https://www.mtgtop8.com/event?e=23384&amp;d=361358&amp;f=ST,Adventure.deck.html,Philippe Carloz
https://www.mtgtop8.com/event?e=23330&amp;d=360708&amp;f=ST,Golgari_Aggro.html,levunga21
https://www.mtgtop8.com/event?e=23332&amp;d=360736&amp;f=ST,Golgari_Aggro.html,Ashlizzlle
https://www.mtgtop8.com/event?e=23332&amp;d=360737&amp;f=ST,Golgari_Aggro.html,John Rolf
https://www.mtgtop8.com/event?e=23292&amp;d=360367&amp;f=ST,Golgari_Aggro.html,Matthew Hoffman
https://www.mtgtop8.com/event?e=23671&amp;d=364268&amp;f=ST,Sultai_Sacrifice.html,Davide Rinnen
https://www.mtgtop8.com/event?e=23229&amp;d=359732&amp;f=ST,Golgari_Control.html,Samshot
https://www.mtgtop8.com/event?e=23166&amp;d=359229&amp;f=ST,Golgari_Control.html,ColdPier
https://www.mtgtop8.com/event?e=23127&amp;d=358914&amp;f=ST,Golgari_Control.html,Venom1
https://www.mtgtop8.com/event?e=23083&amp;d=358446&amp;f=ST,Golgari_PW.html,yerffej03
https://www.mtgtop8.com/event?e=22999&amp;d=357674&amp;f=ST,Golgari_Citadel.html,Huey Jensen
https://www.mtgtop8.com/event?e=22441&amp;d=352530&amp;f=ST,Golgari_Land_Loss.html,Chiefofpool
https://www.mtgtop8.com/event?e=22379&amp;d=351958&amp;f=ST,Golgari_Land_Loss.html,yerffej03
https://www.mtgtop8.com/event?e=22404&amp;d=352169&amp;f=ST,Golgari_Land_Loss.html,Frozen_light#13984
https://www.mtgtop8.com/event?e=20773&amp;d=337254&amp;f=ST,Golgari_Control.html,Gabriel Stoffa
https://www.mtgtop8.com/event?e=19582&amp;d=325363&amp;f=ST,BG.html,Nagao Naoki
https://www.mtgtop8.com/event?e=19592&amp;d=325417&amp;f=ST,Hour_of_Promise_Golgari.html,mrprtrcr
https://www.mtgtop8.com/event?e=19359&amp;d=323158&amp;f=ST,Golgari_Ramp.html,Corrado De Sio
https://www.mtgtop8.com/event?e=19352&amp;d=323038&amp;f=ST,Golgari_Control.html,Ihavethefire
https://www.mtgtop8.com/event?e=19018&amp;d=319681&amp;f=ST,Jund_Control.html,Murilo Mazza
https://www.mtgtop8.com/event?e=18825&amp;d=317746&amp;f=ST,Approach_Convergence.html,Rod Osal
https://www.mtgtop8.com/event?e=18837&amp;d=317883&amp;f=ST,Golgari_Control.html,solace
https://www.mtgtop8.com/event?e=18695&amp;d=316693&amp;f=ST,Hour_of_Promise_Golgari.html,WingedHussar
https://www.mtgtop8.com/event?e=18617&amp;d=315963&amp;f=ST,Hour_of_Promise_Golgari.html,Tom Stanton
https://www.mtgtop8.com/event?e=18543&amp;d=315405&amp;f=ST,Golgari_Control.html,Ali Aintrazi
https://www.mtgtop8.com/event?e=23636&amp;d=363893&amp;f=ST,Grixis_Midrange.html,Lilian Couplé
https://www.mtgtop8.com/event?e=23467&amp;d=362148&amp;f=ST,Grixis_Aggro.html,fandenunu
https://www.mtgtop8.com/event?e=22743&amp;d=355315&amp;f=ST,Pirates.html,Jean Gaidioz
https://www.mtgtop8.com/event?e=22198&amp;d=350292&amp;f=ST,"Grixis_""spacebar""_Midrange.html",Edwin Edward Sitanto
https://www.mtgtop8.com/event?e=22195&amp;d=350276&amp;f=ST,Grixis_Midrange.html,Corey Lerch
https://www.mtgtop8.com/event?e=22090&amp;d=349321&amp;f=ST,Grixis_Midrange.html,Sayama Tatsunosuke
https://www.mtgtop8.com/event?e=22090&amp;d=349323&amp;f=ST,Grixis_Midrange.html,Saitou Takahiro
https://www.mtgtop8.com/event?e=21750&amp;d=346253&amp;f=ST,Grixis_Aggro.html,Shahar Shenhar
https://www.mtgtop8.com/event?e=21528&amp;d=344372&amp;f=ST,Grixis_Midrange.html,MatiCheto
https://www.mtgtop8.com/event?e=21465&amp;d=343752&amp;f=ST,Grixis_Midrange.html,zhandrg1987
https://www.mtgtop8.com/event?e=21422&amp;d=343411&amp;f=ST,Grixis_Aggro.html,zhandrg1987
https://www.mtgtop8.com/event?e=21360&amp;d=342811&amp;f=ST,Grixis_Midrange.html,zhandrg1987
https://www.mtgtop8.com/event?e=21263&amp;d=342099&amp;f=ST,Grixis_Midrange.html,sokos13
https://www.mtgtop8.com/event?e=21285&amp;d=342369&amp;f=ST,Grixis_Aggro.html,Sokos13
https://www.mtgtop8.com/event?e=20741&amp;d=336941&amp;f=ST,Grixis_Drakes.html,Andrew Jessup
https://www.mtgtop8.com/event?e=20741&amp;d=336945&amp;f=ST,Grixis_Drakes.html,Dan Jessup
https://www.mtgtop8.com/event?e=20225&amp;d=331980&amp;f=ST,Grixis_Midrange.html,Tetezinho
https://www.mtgtop8.com/event?e=20258&amp;d=332341&amp;f=ST,Grixis_Midrange.html,Taylor Clarke
https://www.mtgtop8.com/event?e=19951&amp;d=329245&amp;f=ST,Grixis_Aggro.html,Jun.I
https://www.mtgtop8.com/event?e=19873&amp;d=328409&amp;f=ST,Grixis_Aggro.html,Mitchell Tamblyn
https://www.mtgtop8.com/event?e=23330&amp;d=360712&amp;f=ST,Grixis_Control.html,NumotTheNummy
https://www.mtgtop8.com/event?e=23224&amp;d=359692&amp;f=ST,Grixis_Control.html,Thanh Nguyen
https://www.mtgtop8.com/event?e=23029&amp;d=357975&amp;f=ST,Grixis_Control.html,Fukaya Yuuta
https://www.mtgtop8.com/event?e=22985&amp;d=357550&amp;f=ST,Grixis_Midrange.html,Korolev Pavel
https://www.mtgtop8.com/event?e=22945&amp;d=357116&amp;f=ST,Grixis_Control.html,Callofcthulhu
https://www.mtgtop8.com/event?e=22965&amp;d=357372&amp;f=ST,Grixis_Control.html,Tanji Kensuke
https://www.mtgtop8.com/event?e=22927&amp;d=356929&amp;f=ST,Grixis_Control.html,Alber_vcf
https://www.mtgtop8.com/event?e=22970&amp;d=357422&amp;f=ST,Grixis_Control.html,Cachyrulo
https://www.mtgtop8.com/event?e=22870&amp;d=356383&amp;f=ST,Grixis_Control.html,kado222
https://www.mtgtop8.com/event?e=22841&amp;d=356163&amp;f=ST,Grixis_Control.html,kado222
https://www.mtgtop8.com/event?e=22860&amp;d=356309&amp;f=ST,Grixis_Control.html,Carlos Mendes
https://www.mtgtop8.com/event?e=22860&amp;d=356311&amp;f=ST,Grixis_Control.html,Claudio Bomfim
https://www.mtgtop8.com/event?e=22867&amp;d=356362&amp;f=ST,Grixis_Control.html,Yokoyama Shohei
https://www.mtgtop8.com/event?e=22765&amp;d=355525&amp;f=ST,Grixis_Control.html,Thanh Nguyen
https://www.mtgtop8.com/event?e=22371&amp;d=351851&amp;f=ST,Grixis_Control.html,Shahar Shenhar
https://www.mtgtop8.com/event?e=22421&amp;d=352312&amp;f=ST,Grixix_Control.html,William Gutierrez
https://www.mtgtop8.com/event?e=22343&amp;d=351634&amp;f=ST,Grixis_Control.html,fyknight011
https://www.mtgtop8.com/event?e=22351&amp;d=351678&amp;f=ST,Grixis_Control.html,Bloody
https://www.mtgtop8.com/event?e=22337&amp;d=351574&amp;f=ST,Grixis.html,Theo Moutier
https://www.mtgtop8.com/event?e=22337&amp;d=351575&amp;f=ST,Grixis.html,David Ferré
https://www.mtgtop8.com/event?e=23734&amp;d=364790&amp;f=ST,Gruul_Aggro.html,Serputko Vyacheslav
https://www.mtgtop8.com/event?e=23716&amp;d=364616&amp;f=ST,Gruul_Aggro.html,Patrick K
https://www.mtgtop8.com/event?e=23653&amp;d=364111&amp;f=ST,Gruul_Aggro.html,jwald
https://www.mtgtop8.com/event?e=23645&amp;d=363992&amp;f=ST,Gruul_Aggro.html,Laschenov Ivan
https://www.mtgtop8.com/event?e=23645&amp;d=363995&amp;f=ST,Gruul_Aggro.html,Miroshnikova Ekaterina
https://www.mtgtop8.com/event?e=23740&amp;d=364833&amp;f=ST,Gruul_Aggro.html,Beerhayan
https://www.mtgtop8.com/event?e=23628&amp;d=363840&amp;f=ST,Gruul_Aventure.html,Javier Dominguez
https://www.mtgtop8.com/event?e=23614&amp;d=363655&amp;f=ST,Gruul_Aggro.html,maxxattack
https://www.mtgtop8.com/event?e=23585&amp;d=363345&amp;f=ST,Gruul_Aggro.html,Michael Ullmann
https://www.mtgtop8.com/event?e=23537&amp;d=362920&amp;f=ST,Gruul_Aggro.html,Pinpan
https://www.mtgtop8.com/event?e=23420&amp;d=361711&amp;f=ST,Gruul_Aggro.html,Noguchi Hiroshi
https://www.mtgtop8.com/event?e=23476&amp;d=362220&amp;f=ST,Gruul_Aggro.html,Jens Bosau
https://www.mtgtop8.com/event?e=23408&amp;d=361609&amp;f=ST,Gruul.html,J_lew
https://www.mtgtop8.com/event?e=23461&amp;d=362102&amp;f=ST,Gruul_Aggro.html,Asano Tatsurou
https://www.mtgtop8.com/event?e=23371&amp;d=361197&amp;f=ST,Gruul_Aggro.html,Gaspartz
https://www.mtgtop8.com/event?e=23371&amp;d=361217&amp;f=ST,Gruul_Aggro.html,Breanna Lee Tan
https://www.mtgtop8.com/event?e=23371&amp;d=361230&amp;f=ST,Gruul_Aggro.html,Gustavo Coraiola
https://www.mtgtop8.com/event?e=23371&amp;d=361236&amp;f=ST,Gruul_Aggro.html,Javier Dominguez
https://www.mtgtop8.com/event?e=23392&amp;d=361428&amp;f=ST,Gruul_Aggro.html,Waifugate
https://www.mtgtop8.com/event?e=23392&amp;d=361429&amp;f=ST,Gruul_Aggro.html,Skybilz
https://www.mtgtop8.com/event?e=23772&amp;d=365158&amp;f=ST,Izzet_Control.html,maybenextime
https://www.mtgtop8.com/event?e=23636&amp;d=363888&amp;f=ST,Ur_Flash.html,Kevin Chiche
https://www.mtgtop8.com/event?e=23614&amp;d=363653&amp;f=ST,Izzet_Control.html,benbuzz790
https://www.mtgtop8.com/event?e=23583&amp;d=363319&amp;f=ST,Izzet_Control.html,Francesco Hugony
https://www.mtgtop8.com/event?e=23515&amp;d=362598&amp;f=ST,UR_Control.html,MrCafouillette
https://www.mtgtop8.com/event?e=23525&amp;d=362777&amp;f=ST,Izzet_Control.html,Frubsquared
https://www.mtgtop8.com/event?e=23545&amp;d=362982&amp;f=ST,Izzet_Tempo.html,Tokarev Alexander
https://www.mtgtop8.com/event?e=23424&amp;d=361766&amp;f=ST,UR_Control.html,MrCafouillette
https://www.mtgtop8.com/event?e=22886&amp;d=356532&amp;f=ST,Izzet_Combo.html,Kostenkov Vlad
https://www.mtgtop8.com/event?e=22655&amp;d=354604&amp;f=ST,Izzet_Control.html,Edward Wilson
https://www.mtgtop8.com/event?e=21920&amp;d=347622&amp;f=ST,Izzet_Control.html,lleaf33
https://www.mtgtop8.com/event?e=21781&amp;d=346596&amp;f=ST,Izzet_Control.html,Numotthenummy
https://www.mtgtop8.com/event?e=21749&amp;d=346241&amp;f=ST,Izzet_Control.html,Annamae
https://www.mtgtop8.com/event?e=20662&amp;d=336121&amp;f=ST,Ur_Thousand_Year_Storm.html,Lorenz Buaron
https://www.mtgtop8.com/event?e=20637&amp;d=335891&amp;f=ST,Izzet_Control.html,Mike Donovan
https://www.mtgtop8.com/event?e=20404&amp;d=333643&amp;f=ST,UR_Control.html,superradjoe
https://www.mtgtop8.com/event?e=20434&amp;d=333890&amp;f=ST,Izzet_Control.html,Andrea Foroni
https://www.mtgtop8.com/event?e=20328&amp;d=333022&amp;f=ST,Izzet_Control.html,Adam Boyd
https://www.mtgtop8.com/event?e=20312&amp;d=332863&amp;f=ST,Izzet_Control.html,truthordare
https://www.mtgtop8.com/event?e=20225&amp;d=331998&amp;f=ST,Izzet_Control.html,OafMcNamara
https://www.mtgtop8.com/event?e=23678&amp;d=364322&amp;f=ST,Jeskai_Planeswalker.html,Chingpai
https://www.mtgtop8.com/event?e=23622&amp;d=363723&amp;f=ST,Jeskai_Planeswalker.html,Chingpai
https://www.mtgtop8.com/event?e=23587&amp;d=363362&amp;f=ST,Jeskai_Planeswalker.html,Chingpai
https://www.mtgtop8.com/event?e=23154&amp;d=359120&amp;f=ST,Jeskai_Planeswalker.html,John Rolf
https://www.mtgtop8.com/event?e=23004&amp;d=357704&amp;f=ST,Jeskai_Superfriends.html,Thijs Van Der Meer
https://www.mtgtop8.com/event?e=22970&amp;d=357419&amp;f=ST,Jeskai_PW.html,Gatobros
https://www.mtgtop8.com/event?e=22870&amp;d=356385&amp;f=ST,Jeskai_PW.html,Chugun
https://www.mtgtop8.com/event?e=22836&amp;d=356125&amp;f=ST,Jeskai_PW.html,Augermage
https://www.mtgtop8.com/event?e=22829&amp;d=356066&amp;f=ST,Jeskai_PW.html,John Rolf
https://www.mtgtop8.com/event?e=22832&amp;d=356097&amp;f=ST,Jeskai_PW.html,Nathanael Tripp
https://www.mtgtop8.com/event?e=22788&amp;d=355713&amp;f=ST,Jeskai_Superfriends.html,Mesheryakov Maxim
https://www.mtgtop8.com/event?e=22735&amp;d=355257&amp;f=ST,Jeskai_PW.html,Bryan Gottlieb
https://www.mtgtop8.com/event?e=22601&amp;d=354078&amp;f=ST,Jeskai_Planeswalkers.html,Angurtsov Artyom
https://www.mtgtop8.com/event?e=22539&amp;d=353525&amp;f=ST,Jeskai_PW.html,Drew Stewart
https://www.mtgtop8.com/event?e=22517&amp;d=353322&amp;f=ST,Jeskai_PW.html,OlavoJusMTM
https://www.mtgtop8.com/event?e=22421&amp;d=352306&amp;f=ST,Jeskai_Walkers.html,Fabian Pineda
https://www.mtgtop8.com/event?e=22260&amp;d=350803&amp;f=ST,Jeskai_Planeswalker.html,_Falcon_
https://www.mtgtop8.com/event?e=22232&amp;d=350584&amp;f=ST,Jeskai_Planeswalker.html,redryansox
https://www.mtgtop8.com/event?e=22198&amp;d=350298&amp;f=ST,Jeskai_Planeswalkers.html,Soedjadi Sentosa
https://www.mtgtop8.com/event?e=22191&amp;d=350226&amp;f=ST,Jeskai_Planeswalker.html,John Rolf
https://www.mtgtop8.com/event?e=23790&amp;d=365308&amp;f=ST,Jund_Sacrifice.html,Iwasaki Yuusuke
https://www.mtgtop8.com/event?e=23790&amp;d=365313&amp;f=ST,Jund_Sacrifice.html,Kanagawa Takuya
https://www.mtgtop8.com/event?e=23793&amp;d=365329&amp;f=ST,Jund.html,yamakiller
https://www.mtgtop8.com/event?e=23793&amp;d=365332&amp;f=ST,Jund.html,Quatch
https://www.mtgtop8.com/event?e=23793&amp;d=365337&amp;f=ST,Jund.html,sikolio
https://www.mtgtop8.com/event?e=23763&amp;d=365038&amp;f=ST,Jund_Sacrifice.html,_Falcon_
https://www.mtgtop8.com/event?e=23724&amp;d=364690&amp;f=ST,Jund_Sacrifice.html,Louis Guichard
https://www.mtgtop8.com/event?e=23727&amp;d=364711&amp;f=ST,Jund_Sacrifice.html,Thiago Casassanta
https://www.mtgtop8.com/event?e=23688&amp;d=364414&amp;f=ST,Jund_Sacrifice.html,Nagasou
https://www.mtgtop8.com/event?e=23653&amp;d=364113&amp;f=ST,Jund.html,CHTenshi
https://www.mtgtop8.com/event?e=23628&amp;d=363841&amp;f=ST,Jund_Sacrifice.html,Guillem Salvador Arnal
https://www.mtgtop8.com/event?e=23614&amp;d=363659&amp;f=ST,Jund.html,GlauberT
https://www.mtgtop8.com/event?e=23590&amp;d=363413&amp;f=ST,Jund_Oven.html,rage_hs
https://www.mtgtop8.com/event?e=23594&amp;d=363473&amp;f=ST,Jund_Oven.html,WillyBzzz
https://www.mtgtop8.com/event?e=23574&amp;d=363269&amp;f=ST,Jund_Sacrifice.html,Chin Yu Meng
https://www.mtgtop8.com/event?e=23406&amp;d=361586&amp;f=ST,Jund.html,Ichinose Ryo
https://www.mtgtop8.com/event?e=23332&amp;d=360730&amp;f=ST,Jund.html,Calebd
https://www.mtgtop8.com/event?e=23200&amp;d=359537&amp;f=ST,Jund_Chainwhirler.html,Craig Rocco
https://www.mtgtop8.com/event?e=22945&amp;d=357127&amp;f=ST,Jund_Golos.html,Ali Eldrazi
https://www.mtgtop8.com/event?e=22069&amp;d=349171&amp;f=ST,Jund_Midrange.html,Seth Yandrofski
https://www.mtgtop8.com/event?e=23793&amp;d=365328&amp;f=ST,Jund_Aggro.html,bnjy99
https://www.mtgtop8.com/event?e=23739&amp;d=364830&amp;f=ST,Jund_Aggro.html,Paul Herr
https://www.mtgtop8.com/event?e=23559&amp;d=363095&amp;f=ST,Jund_Aggro.html,romanmy
https://www.mtgtop8.com/event?e=23515&amp;d=362596&amp;f=ST,Jund_Aggro.html,Swarm_OF_Mats
https://www.mtgtop8.com/event?e=23424&amp;d=361764&amp;f=ST,Jund_Sacrifice.html,L1X0
https://www.mtgtop8.com/event?e=23371&amp;d=361240&amp;f=ST,Jund_Aggro.html,Caleb Durward
https://www.mtgtop8.com/event?e=22768&amp;d=355562&amp;f=ST,Jund_Aggro.html,Imaizumi Riku
https://www.mtgtop8.com/event?e=22607&amp;d=354111&amp;f=ST,Jund_Aggro.html,Cris Smith
https://www.mtgtop8.com/event?e=22324&amp;d=351468&amp;f=ST,Jund_Aggro.html,Erratacorrige
https://www.mtgtop8.com/event?e=22299&amp;d=351136&amp;f=ST,Jund_Aggro.html,Marcin Tokajuk (265)
https://www.mtgtop8.com/event?e=22200&amp;d=350312&amp;f=ST,Jund_Aggro.html,Shota Takano
https://www.mtgtop8.com/event?e=22191&amp;d=350225&amp;f=ST,Jund_Aggro.html,Calebd
https://www.mtgtop8.com/event?e=22203&amp;d=350332&amp;f=ST,Jund_Aggro.html,Mak Wai Hou
https://www.mtgtop8.com/event?e=22071&amp;d=349193&amp;f=ST,Grb_Midrange.html,Markus Spörk
https://www.mtgtop8.com/event?e=22066&amp;d=349140&amp;f=ST,Rg.html,Timothy Wu
https://www.mtgtop8.com/event?e=21964&amp;d=348128&amp;f=ST,Gr.html,Timothy Wu
https://www.mtgtop8.com/event?e=21841&amp;d=346955&amp;f=ST,Jund_Aggro.html,Robert Taylor
https://www.mtgtop8.com/event?e=21316&amp;d=342670&amp;f=ST,Jund_Aggro.html,StrixMix
https://www.mtgtop8.com/event?e=21359&amp;d=342796&amp;f=ST,Jund_Aggro.html,signblindman
https://www.mtgtop8.com/event?e=21010&amp;d=339391&amp;f=ST,Jund_Aggro.html,The_nayr
https://www.mtgtop8.com/event?e=23763&amp;d=365039&amp;f=ST,Mardu_Knight.html,NEObots
https://www.mtgtop8.com/event?e=23688&amp;d=364405&amp;f=ST,Mardu_Knight.html,NEObots
https://www.mtgtop8.com/event?e=23636&amp;d=363890&amp;f=ST,Mardu_Knight.html,Simon Demay
https://www.mtgtop8.com/event?e=23559&amp;d=363091&amp;f=ST,Mardu_Aggro.html,LalauWBA
https://www.mtgtop8.com/event?e=23525&amp;d=362730&amp;f=ST,Mardu_Aggro.html,Yamaki
https://www.mtgtop8.com/event?e=23503&amp;d=362417&amp;f=ST,Mardu_Knights.html,Wu Bi Lun
https://www.mtgtop8.com/event?e=23371&amp;d=361192&amp;f=ST,Mardu_Knight.html,Ben Stark
https://www.mtgtop8.com/event?e=23371&amp;d=361200&amp;f=ST,Mardu_Knight.html,Ken Yukuhiro
https://www.mtgtop8.com/event?e=23371&amp;d=361226&amp;f=ST,Mardu_Knight.html,Eric Froehlich
https://www.mtgtop8.com/event?e=22953&amp;d=357249&amp;f=ST,Mardu_Angel_Aggro.html,James_Zhi
https://www.mtgtop8.com/event?e=22939&amp;d=357052&amp;f=ST,Mardu_Aristocrats.html,Mark Abejuro
https://www.mtgtop8.com/event?e=22836&amp;d=356126&amp;f=ST,Mardu_Angels.html,Matuvuefr
https://www.mtgtop8.com/event?e=22737&amp;d=355266&amp;f=ST,Mardu_Angels.html,Matuvuefr
https://www.mtgtop8.com/event?e=22736&amp;d=355262&amp;f=ST,Mardu_Angels.html,Matuvuefr
https://www.mtgtop8.com/event?e=22655&amp;d=354605&amp;f=ST,Mardu_Angel_Aggro.html,Vinay Gupta
https://www.mtgtop8.com/event?e=22300&amp;d=351197&amp;f=ST,Mardu_Feather.html,Pilototo
https://www.mtgtop8.com/event?e=22060&amp;d=349068&amp;f=ST,Feather_Mardu.html,zhandrg1987
https://www.mtgtop8.com/event?e=21943&amp;d=347915&amp;f=ST,Mardu_Aggro.html,azatoyellow
https://www.mtgtop8.com/event?e=21920&amp;d=347631&amp;f=ST,Mardu_Aggro.html,azatoyellow
https://www.mtgtop8.com/event?e=21961&amp;d=348104&amp;f=ST,Mardu_Aggro.html,Cody Mckinlay
https://www.mtgtop8.com/event?e=23442&amp;d=361922&amp;f=ST,Mardu_DOOM.html,Wynand Van Zyl
https://www.mtgtop8.com/event?e=22379&amp;d=351962&amp;f=ST,Mardu_Angel.html,Masta_Shonen
https://www.mtgtop8.com/event?e=21704&amp;d=345843&amp;f=ST,Mardu_Control.html,Omar Mukhayer
https://www.mtgtop8.com/event?e=21176&amp;d=341268&amp;f=ST,Mardu_Control.html,Ryan Stockburger
https://www.mtgtop8.com/event?e=16078&amp;d=299053&amp;f=ST,BRW_control..html,odom_pl
https://www.mtgtop8.com/event?e=16027&amp;d=298668&amp;f=ST,Mardu_Planeswalker.html,Gabriel Sarfis
https://www.mtgtop8.com/event?e=15943&amp;d=298129&amp;f=ST,Mardu_Control.html,Moriya Ryo
https://www.mtgtop8.com/event?e=15508&amp;d=294543&amp;f=ST,Mardu_Control.html,mouthbreather1
https://www.mtgtop8.com/event?e=15004&amp;d=290759&amp;f=ST,Marcus_Vehicles.html,Marcus Chandler
https://www.mtgtop8.com/event?e=14898&amp;d=289894&amp;f=ST,Mardu_Vehicles.html,Joe Andrees
https://www.mtgtop8.com/event?e=14886&amp;d=289810&amp;f=ST,Mardu_Planeswalker.html,Travv
https://www.mtgtop8.com/event?e=14360&amp;d=285816&amp;f=ST,RBW_Control.html,JMM
https://www.mtgtop8.com/event?e=13876&amp;d=282032&amp;f=ST,Mardu_Refurbish.html,Uri Roberto
https://www.mtgtop8.com/event?e=13669&amp;d=280555&amp;f=ST,Mardu_Control.html,Fuyuk Morinaka
https://www.mtgtop8.com/event?e=13669&amp;d=280554&amp;f=ST,Mardu_Gearhulk.html,Yousuke Takaku
https://www.mtgtop8.com/event?e=13259&amp;d=277827&amp;f=ST,Mardu_Control.html,GlimpseOfRandomness
https://www.mtgtop8.com/event?e=13178&amp;d=277183&amp;f=ST,Mardu_Control.html,gottelicious
https://www.mtgtop8.com/event?e=12850&amp;d=274642&amp;f=ST,Mardu_Control.html,natsuki
https://www.mtgtop8.com/event?e=12658&amp;d=273280&amp;f=ST,Mardu_Control.html,Paolo Go
https://www.mtgtop8.com/event?e=12634&amp;d=273105&amp;f=ST,Mardu_Planeswalker.html,Vergard
https://www.mtgtop8.com/event?e=23763&amp;d=365040&amp;f=ST,Mono_Black_Aggro.html,DRS
https://www.mtgtop8.com/event?e=23734&amp;d=364783&amp;f=ST,Mono-blac_Aggro.html,Savin Victor
https://www.mtgtop8.com/event?e=23642&amp;d=363962&amp;f=ST,Mono_Black_Aggro.html,Miyamoto Keisuke
https://www.mtgtop8.com/event?e=23574&amp;d=363266&amp;f=ST,Mono_Black.html,Hang Sheng Kwang
https://www.mtgtop8.com/event?e=23572&amp;d=363251&amp;f=ST,Mono_Black_Saccgro.html,Pdpgti
https://www.mtgtop8.com/event?e=23534&amp;d=362904&amp;f=ST,Mono_Black_Aggro.html,Tiffany Barnes
https://www.mtgtop8.com/event?e=23424&amp;d=361765&amp;f=ST,Mono_Black_Aggro.html,NEObots
https://www.mtgtop8.com/event?e=23392&amp;d=361427&amp;f=ST,Mono_Black_Aggro.html,Taalia Vess
https://www.mtgtop8.com/event?e=23355&amp;d=361024&amp;f=ST,Mono_Black_Aggro.html,Rocardito
https://www.mtgtop8.com/event?e=23358&amp;d=361077&amp;f=ST,Mono_Black_Aggro.html,Klimczur
https://www.mtgtop8.com/event?e=23340&amp;d=360819&amp;f=ST,Mono_Black_Aggro.html,Pasi Poikela
https://www.mtgtop8.com/event?e=23303&amp;d=360484&amp;f=ST,Mono_Black_Aggro.html,_IlNano_
https://www.mtgtop8.com/event?e=23286&amp;d=360287&amp;f=ST,Mono_Black_Aggro.html,LaCriaturaBB
https://www.mtgtop8.com/event?e=23272&amp;d=360158&amp;f=ST,Mono_Black_Aggro.html,Fujii Tomoya
https://www.mtgtop8.com/event?e=23273&amp;d=360167&amp;f=ST,Mono_Black.html,Muke
https://www.mtgtop8.com/event?e=23273&amp;d=360174&amp;f=ST,Mono_Black.html,Adamantmtg
https://www.mtgtop8.com/event?e=23264&amp;d=360076&amp;f=ST,Mono_Black_Aggro.html,Gul_Dukat
https://www.mtgtop8.com/event?e=23243&amp;d=359891&amp;f=ST,Mono_Black_Aggro.html,Gul_Dukat
https://www.mtgtop8.com/event?e=23237&amp;d=359812&amp;f=ST,Mono_Black_Aggro.html,Yellowhat
https://www.mtgtop8.com/event?e=23237&amp;d=359816&amp;f=ST,Mono_Black_Aggro.html,Alexander Hayne
https://www.mtgtop8.com/event?e=23472&amp;d=362194&amp;f=ST,Mono_Blue_Aggro.html,Takahashi Naoya
https://www.mtgtop8.com/event?e=23415&amp;d=361668&amp;f=ST,Mono_Blue_Dredge.html,Matthieu Habersetzer
https://www.mtgtop8.com/event?e=23375&amp;d=361280&amp;f=ST,Mono_U_Arclight.html,Dylan Huckabone
https://www.mtgtop8.com/event?e=23332&amp;d=360734&amp;f=ST,Mono_Blue_Arclight.html,Kanister
https://www.mtgtop8.com/event?e=23317&amp;d=360597&amp;f=ST,Mono_Blue_Aggro.html,Takahashi Naoya
https://www.mtgtop8.com/event?e=23210&amp;d=359598&amp;f=ST,Mono_Blue_Aggro.html,ElYallo
https://www.mtgtop8.com/event?e=23166&amp;d=359233&amp;f=ST,Mono_Blue_Aggro.html,ElAguacateMagic
https://www.mtgtop8.com/event?e=23224&amp;d=359690&amp;f=ST,Mono_Blue_Aggro.html,Nathaniel Knox
https://www.mtgtop8.com/event?e=23083&amp;d=358445&amp;f=ST,Mono_Blue_Aggro.html,AliEnWaRe_
https://www.mtgtop8.com/event?e=23189&amp;d=359450&amp;f=ST,Mono_Blue_Aggro.html,Colton Gattis
https://www.mtgtop8.com/event?e=23014&amp;d=357806&amp;f=ST,Mono_Blue_Aggro.html,ElYallo
https://www.mtgtop8.com/event?e=22986&amp;d=357564&amp;f=ST,Mono_Blue_Aggro.html,smile_papa4
https://www.mtgtop8.com/event?e=22967&amp;d=357383&amp;f=ST,Mono_Blue_Aggro.html,Muranaka Toshiki
https://www.mtgtop8.com/event?e=22972&amp;d=357434&amp;f=ST,Mono_Blue.html,Alexander David Romero
https://www.mtgtop8.com/event?e=22904&amp;d=356684&amp;f=ST,Mono_Blue_Aggro.html,ElYallo
https://www.mtgtop8.com/event?e=22916&amp;d=356815&amp;f=ST,Mono_Blue_Aggro.html,Josh Reedy
https://www.mtgtop8.com/event?e=22920&amp;d=356847&amp;f=ST,Mono_Blue_Aggro.html,Sasayama Shin
https://www.mtgtop8.com/event?e=22920&amp;d=356851&amp;f=ST,Mono_Blue_Aggro.html,Takahashi Naoya
https://www.mtgtop8.com/event?e=22927&amp;d=356923&amp;f=ST,Mono_Blue_Aggro.html,Littledarwin
https://www.mtgtop8.com/event?e=22909&amp;d=356745&amp;f=ST,Mono-blue_Aggro.html,Josh Reedy
https://www.mtgtop8.com/event?e=23787&amp;d=365291&amp;f=ST,Mono_G_Aggro.html,Francis Obien
https://www.mtgtop8.com/event?e=23554&amp;d=363043&amp;f=ST,Mono_Green_Aggro.html,Joe Fisher
https://www.mtgtop8.com/event?e=23358&amp;d=361084&amp;f=ST,Mono_Green_Aggro.html,CarrierHasArrived
https://www.mtgtop8.com/event?e=23348&amp;d=360860&amp;f=ST,Mono_Green_Aggro.html,Takata Kazuma
https://www.mtgtop8.com/event?e=23348&amp;d=360862&amp;f=ST,Mono_Green_Aggro.html,Takeno Ryo
https://www.mtgtop8.com/event?e=23239&amp;d=359836&amp;f=ST,Mono_Green.html,Knur_therealhog
https://www.mtgtop8.com/event?e=23239&amp;d=359837&amp;f=ST,Henge_Stomp.html,Mikeut2k3
https://www.mtgtop8.com/event?e=23231&amp;d=359751&amp;f=ST,Mono_G_Stompy.html,Perobotelho
https://www.mtgtop8.com/event?e=23197&amp;d=359516&amp;f=ST,Mono_Green_Aggro.html,Aka Shunsuke
https://www.mtgtop8.com/event?e=23198&amp;d=359524&amp;f=ST,Mono_Green_Aggro.html,Shiina Kouji
https://www.mtgtop8.com/event?e=23083&amp;d=358449&amp;f=ST,Mono_Green_Aggro.html,rastaf
https://www.mtgtop8.com/event?e=23180&amp;d=359377&amp;f=ST,Mono_Green_Aggro.html,Guilherme Merjam
https://www.mtgtop8.com/event?e=23043&amp;d=358087&amp;f=ST,Mono_Green_Aggro.html,Nicolas Lorca
https://www.mtgtop8.com/event?e=23029&amp;d=357974&amp;f=ST,Mono_Green_Aggro.html,Takamiya Issei
https://www.mtgtop8.com/event?e=22967&amp;d=357384&amp;f=ST,Mono_Green_Aggro.html,Suda Yoshihiro
https://www.mtgtop8.com/event?e=22965&amp;d=357367&amp;f=ST,Mono_Green_Aggro.html,Kamo Riki
https://www.mtgtop8.com/event?e=22972&amp;d=357438&amp;f=ST,Mono_G_Stompy.html,Jackie Vecina
https://www.mtgtop8.com/event?e=22976&amp;d=357467&amp;f=ST,Mono_Green_PW.html,Joseph Stonesypher
https://www.mtgtop8.com/event?e=22928&amp;d=356946&amp;f=ST,Mono_Green_Aggro.html,Erratacorrige
https://www.mtgtop8.com/event?e=22920&amp;d=356850&amp;f=ST,Mono_Green_Aggro.html,Wakita Daiki
https://www.mtgtop8.com/event?e=23678&amp;d=364327&amp;f=ST,Naya_Aggro.html,Jag
https://www.mtgtop8.com/event?e=23252&amp;d=359999&amp;f=ST,Naya_Feather.html,Alejandro Collado
https://www.mtgtop8.com/event?e=23166&amp;d=359227&amp;f=ST,Naya_Feather.html,pat0presidente
https://www.mtgtop8.com/event?e=23154&amp;d=359119&amp;f=ST,Naya_Feather.html,Conanhawk
https://www.mtgtop8.com/event?e=23082&amp;d=358432&amp;f=ST,Naya_Feather.html,Urlich
https://www.mtgtop8.com/event?e=22953&amp;d=357243&amp;f=ST,Naya_Feather.html,AlfredoTorres
https://www.mtgtop8.com/event?e=22945&amp;d=357117&amp;f=ST,Naya_Feather.html,Amazonian
https://www.mtgtop8.com/event?e=22927&amp;d=356914&amp;f=ST,Naya_Feather.html,Pat0presidente
https://www.mtgtop8.com/event?e=22762&amp;d=355499&amp;f=ST,Naya_Feather.html,coco_natsukaze
https://www.mtgtop8.com/event?e=22701&amp;d=354966&amp;f=ST,Naya_Feather.html,coco_natsukaze
https://www.mtgtop8.com/event?e=22708&amp;d=355039&amp;f=ST,Naya_Feather.html,Johanna Klümper
https://www.mtgtop8.com/event?e=22662&amp;d=354656&amp;f=ST,Naya_Feather.html,sepomon
https://www.mtgtop8.com/event?e=22633&amp;d=354388&amp;f=ST,Naya_Feather.html,tyrion_lannister
https://www.mtgtop8.com/event?e=22658&amp;d=354630&amp;f=ST,Naya_Feather.html,James Weaver
https://www.mtgtop8.com/event?e=22556&amp;d=353699&amp;f=ST,Naya_Feather.html,Amazonian
https://www.mtgtop8.com/event?e=22493&amp;d=353028&amp;f=ST,Naya_Feather.html,ColdPier
https://www.mtgtop8.com/event?e=22492&amp;d=353012&amp;f=ST,Naya_Feather.html,Oscar Ramírez
https://www.mtgtop8.com/event?e=22371&amp;d=351847&amp;f=ST,Naya_Aggro.html,Semulin
https://www.mtgtop8.com/event?e=22198&amp;d=350294&amp;f=ST,Naya_Feather.html,Michael Soesanto
https://www.mtgtop8.com/event?e=21807&amp;d=346748&amp;f=ST,Feather_Naya.html,Drew Kobus
https://www.mtgtop8.com/event?e=23281&amp;d=360234&amp;f=ST,Orzhov_Aggro.html,Thegamerguy
https://www.mtgtop8.com/event?e=23231&amp;d=359761&amp;f=ST,Orzhov_Knights.html,Bobodopalus
https://www.mtgtop8.com/event?e=23221&amp;d=359666&amp;f=ST,Bw_Vampires.html,Skupoy
https://www.mtgtop8.com/event?e=23229&amp;d=359731&amp;f=ST,Orzhov_Aggro.html,Holymadness
https://www.mtgtop8.com/event?e=23198&amp;d=359521&amp;f=ST,Orzhov_Aggro.html,Uemura Akira
https://www.mtgtop8.com/event?e=23156&amp;d=359135&amp;f=ST,Orzhov_Vampire.html,Chitel Arnaud
https://www.mtgtop8.com/event?e=23224&amp;d=359694&amp;f=ST,Orzhov_Aggro.html,Sebastian Denno
https://www.mtgtop8.com/event?e=23125&amp;d=358899&amp;f=ST,Orzhov_Aggro.html,Marc Russell
https://www.mtgtop8.com/event?e=23187&amp;d=359435&amp;f=ST,Orzhov_Aggro.html,Clarence Dews
https://www.mtgtop8.com/event?e=23189&amp;d=359455&amp;f=ST,Orzhov_Aggro.html,Ricardo Diaz
https://www.mtgtop8.com/event?e=22945&amp;d=357118&amp;f=ST,Orzhov_Aggro.html,Martin Jůza
https://www.mtgtop8.com/event?e=22945&amp;d=357128&amp;f=ST,Orzhov_Aggro.html,Bloody
https://www.mtgtop8.com/event?e=22947&amp;d=357144&amp;f=ST,Orzhov_Aggro.html,Preston Butler
https://www.mtgtop8.com/event?e=22972&amp;d=357433&amp;f=ST,Vam-walang_Pira.html,Mark Cholo Atienza
https://www.mtgtop8.com/event?e=22939&amp;d=357051&amp;f=ST,Orzhov_Vampires.html,Owen Estioco
https://www.mtgtop8.com/event?e=22928&amp;d=356953&amp;f=ST,Orzhov_Aggro.html,rapidluis08
https://www.mtgtop8.com/event?e=22904&amp;d=356685&amp;f=ST,Orzhov_Aggro.html,holypanda
https://www.mtgtop8.com/event?e=22916&amp;d=356818&amp;f=ST,Orzhov_Aggro.html,Nathan Shoup
https://www.mtgtop8.com/event?e=22916&amp;d=356819&amp;f=ST,Orzhov_Aggro.html,Steven Abbott
https://www.mtgtop8.com/event?e=22927&amp;d=356920&amp;f=ST,Orzhov_Aggro.html,Tabananga
https://www.mtgtop8.com/event?e=23614&amp;d=363657&amp;f=ST,Orzhov_Control.html,Harry13
https://www.mtgtop8.com/event?e=23587&amp;d=363360&amp;f=ST,Orzhov_Control.html,Edz
https://www.mtgtop8.com/event?e=23515&amp;d=362601&amp;f=ST,Orzhov_Control.html,nex7
https://www.mtgtop8.com/event?e=22087&amp;d=349299&amp;f=ST,Orzhov_Control.html,Jose Bolivar
https://www.mtgtop8.com/event?e=21833&amp;d=346892&amp;f=ST,Orzhov_Control.html,Takahashi Naoya
https://www.mtgtop8.com/event?e=21759&amp;d=346381&amp;f=ST,Orzhov_Midrange_Knights.html,Diliggord
https://www.mtgtop8.com/event?e=19810&amp;d=327788&amp;f=ST,Orzhov_Control.html,love-quandra
https://www.mtgtop8.com/event?e=19440&amp;d=324072&amp;f=ST,W-b_Midrange.html,Chris Nielsen
https://www.mtgtop8.com/event?e=19225&amp;d=321860&amp;f=ST,Orzhov_Control.html,Todd Stevens
https://www.mtgtop8.com/event?e=18847&amp;d=317952&amp;f=ST,Orzhov_Control.html,Andrew Maine
https://www.mtgtop8.com/event?e=18861&amp;d=318060&amp;f=ST,Bw_Vampire_Tokens.html,Raymond Montoya
https://www.mtgtop8.com/event?e=18792&amp;d=317537&amp;f=ST,Orzhov_Control.html,Marco Santopadre
https://www.mtgtop8.com/event?e=18833&amp;d=317839&amp;f=ST,Orzhov_Approach.html,Steven Nesteby
https://www.mtgtop8.com/event?e=18727&amp;d=317033&amp;f=ST,Orzhov_Approach.html,Brandon Rea
https://www.mtgtop8.com/event?e=18727&amp;d=317035&amp;f=ST,Orzhov_Approach.html,Levi Sowers
https://www.mtgtop8.com/event?e=18636&amp;d=316123&amp;f=ST,Orzhov_Control.html,Tonouchi Keita
https://www.mtgtop8.com/event?e=17998&amp;d=311672&amp;f=ST,Orzhov_Control.html,Skyfly22
https://www.mtgtop8.com/event?e=17458&amp;d=308061&amp;f=ST,Orzhov_Control.html,Magicisfuntodo
https://www.mtgtop8.com/event?e=16504&amp;d=302057&amp;f=ST,Orzhov_Control.html,Grantfly
https://www.mtgtop8.com/event?e=16518&amp;d=302135&amp;f=ST,Orzhov_Control.html,Zxrogue
https://www.mtgtop8.com/event?e=23753&amp;d=364982&amp;f=ST,Sultai_Oven.html,Parker Connors
https://www.mtgtop8.com/event?e=23753&amp;d=364983&amp;f=ST,Sultai_Oven.html,Chantelle Campbell
https://www.mtgtop8.com/event?e=23645&amp;d=363991&amp;f=ST,Bant_Ramp.html,Nebykov Denis
https://www.mtgtop8.com/event?e=23620&amp;d=363710&amp;f=ST,Naya_Aggro.html,Jag
https://www.mtgtop8.com/event?e=23503&amp;d=362414&amp;f=ST,Sultai_Food.html,Yixian Liang
https://www.mtgtop8.com/event?e=22625&amp;d=354292&amp;f=ST,Orzhov_Vampires.html,Antony Mitchell
https://www.mtgtop8.com/event?e=15557&amp;d=294913&amp;f=ST,Rg_Monsters.html,Glenn Muijen
https://www.mtgtop8.com/event?e=14473&amp;d=286713&amp;f=ST,Jeskai_Aggro.html,menp777
https://www.mtgtop8.com/event?e=14033&amp;d=283302&amp;f=ST,Jeskai_Flash.html,Phillip Fitchew
https://www.mtgtop8.com/event?e=14120&amp;d=283998&amp;f=ST,Mono_Black_Aggro.html,kenelli
https://www.mtgtop8.com/event?e=13926&amp;d=282408&amp;f=ST,UB_Zombie.html,Junsik Yoon
https://www.mtgtop8.com/event?e=13717&amp;d=280832&amp;f=ST,Jeskai_Aggro.html,Niyah
https://www.mtgtop8.com/event?e=13472&amp;d=279198&amp;f=ST,Zombies.html,stainerson
https://www.mtgtop8.com/event?e=13472&amp;d=279199&amp;f=ST,Zombies.html,C_E.L
https://www.mtgtop8.com/event?e=13294&amp;d=278042&amp;f=ST,Sultai_Control.html,Evan Adams
https://www.mtgtop8.com/event?e=12569&amp;d=272598&amp;f=ST,Patriot_Midrange.html,kikuya1226
https://www.mtgtop8.com/event?e=11610&amp;d=266078&amp;f=ST,Grixis_Aggro.html,AtogAtog10
https://www.mtgtop8.com/event?e=11590&amp;d=265965&amp;f=ST,UR_Aggro.html,Nicola Cordeschi
https://www.mtgtop8.com/event?e=11582&amp;d=265921&amp;f=ST,UR_Aggro.html,ArcaCrema
https://www.mtgtop8.com/event?e=11505&amp;d=265381&amp;f=ST,UR_Prowess.html,Alexander Demura
https://www.mtgtop8.com/event?e=23787&amp;d=365289&amp;f=ST,Rakdos_Knights.html,Harrison Zudeima
https://www.mtgtop8.com/event?e=23793&amp;d=365334&amp;f=ST,Rakdos_Aggro.html,Butakov
https://www.mtgtop8.com/event?e=23793&amp;d=365336&amp;f=ST,Rakdos_Aggro.html,Bullwinkkle6705
https://www.mtgtop8.com/event?e=23793&amp;d=365339&amp;f=ST,Rakdos_Aggro.html,Folero
https://www.mtgtop8.com/event?e=23763&amp;d=365035&amp;f=ST,Rakdos_Aggro.html,habibypes
https://www.mtgtop8.com/event?e=23734&amp;d=364787&amp;f=ST,Rakdos_Aggro.html,Kostenkov Vladislav
https://www.mtgtop8.com/event?e=23724&amp;d=364687&amp;f=ST,Rakdos_Sacrifice.html,Mélodie Sagodira
https://www.mtgtop8.com/event?e=23741&amp;d=364837&amp;f=ST,Rakdos_Aristocrats.html,Oreshkin Dmitriy
https://www.mtgtop8.com/event?e=23727&amp;d=364712&amp;f=ST,Rakdos_Aggro.html,Gonzalo Valdenegro
https://www.mtgtop8.com/event?e=23727&amp;d=364714&amp;f=ST,Rakdos_Aggro.html,Pedro Perrini
https://www.mtgtop8.com/event?e=23688&amp;d=364413&amp;f=ST,Rakdos_Aggro.html,_Falcon_
https://www.mtgtop8.com/event?e=23678&amp;d=364320&amp;f=ST,Rakdos_Aggro.html,Chrace
https://www.mtgtop8.com/event?e=23678&amp;d=364326&amp;f=ST,Rakdos_Aggro.html,Gab
https://www.mtgtop8.com/event?e=23653&amp;d=364108&amp;f=ST,Rakdos_Aggro.html,DRS
https://www.mtgtop8.com/event?e=23636&amp;d=363887&amp;f=ST,Rb_Sacrifice.html,Quentin Garchery
https://www.mtgtop8.com/event?e=23671&amp;d=364271&amp;f=ST,Rakdos_Sacrifice.html,Paolo Crispino
https://www.mtgtop8.com/event?e=23671&amp;d=364272&amp;f=ST,Rakdos_Sacrifice.html,Cesare Carini
https://www.mtgtop8.com/event?e=23740&amp;d=364834&amp;f=ST,Rakdos_Aggro.html,Ergo
https://www.mtgtop8.com/event?e=23630&amp;d=363802&amp;f=ST,Rakdos_Sacrifice.html,Konstantin Hittenberger Konstantin
https://www.mtgtop8.com/event?e=23677&amp;d=364313&amp;f=ST,Rakdos_Aggro.html,Leandro Floresta
https://www.mtgtop8.com/event?e=23238&amp;d=359820&amp;f=ST,Grixis_Reanimate.html,Chengalengaa
https://www.mtgtop8.com/event?e=23004&amp;d=357699&amp;f=ST,Grixis_Reanimator.html,Niels Wardenier
https://www.mtgtop8.com/event?e=22633&amp;d=354384&amp;f=ST,Reanimator.html,ArielNagy
https://www.mtgtop8.com/event?e=22660&amp;d=354638&amp;f=ST,Dimir_Reanimator.html,Chayapol Poonsawat
https://www.mtgtop8.com/event?e=13927&amp;d=282415&amp;f=ST,Mardu_Packers.html,James Primicias
https://www.mtgtop8.com/event?e=8074&amp;d=246524&amp;f=ST,Reanimator.html,Albert Bayrante
https://www.mtgtop8.com/event?e=7736&amp;d=244509&amp;f=ST,Reanimator.html,OhSnap
https://www.mtgtop8.com/event?e=7485&amp;d=242896&amp;f=ST,Reanimator.html,Oskar Sk¶ld
https://www.mtgtop8.com/event?e=7495&amp;d=242977&amp;f=ST,Reanimator.html,Justin Miller
https://www.mtgtop8.com/event?e=7193&amp;d=241230&amp;f=ST,Reanimator.html,snowsk82000
https://www.mtgtop8.com/event?e=7145&amp;d=240983&amp;f=ST,Reanimator.html,dav5037
https://www.mtgtop8.com/event?e=7032&amp;d=240418&amp;f=ST,Reanimator.html,Ithaqua_
https://www.mtgtop8.com/event?e=7025&amp;d=240377&amp;f=ST,Reanimator.html,bloodsmurf
https://www.mtgtop8.com/event?e=6848&amp;d=239357&amp;f=ST,Reanimator.html,Enrico
https://www.mtgtop8.com/event?e=5690&amp;d=233008&amp;f=ST,Reanimator.html,MrWishyWashy
https://www.mtgtop8.com/event?e=5683&amp;d=232972&amp;f=ST,Reanimator.html,RaV_
https://www.mtgtop8.com/event?e=5680&amp;d=232957&amp;f=ST,Reanimator.html,MrWishyWashy
https://www.mtgtop8.com/event?e=5640&amp;d=232704&amp;f=ST,Reanimator.html,Drew Kuenzinger
https://www.mtgtop8.com/event?e=5599&amp;d=232426&amp;f=ST,Reanimator.html,MrWishyWashy
https://www.mtgtop8.com/event?e=5601&amp;d=232438&amp;f=ST,Reanimator.html,Rahwaizh Abdulrahman
https://www.mtgtop8.com/event?e=23793&amp;d=365340&amp;f=ST,Red_Deck_Wins.html,floatius
https://www.mtgtop8.com/event?e=23793&amp;d=365341&amp;f=ST,Red_Deck_Wins.html,LucasG1ggs
https://www.mtgtop8.com/event?e=23716&amp;d=364614&amp;f=ST,Cavalcade.html,Billy K
https://www.mtgtop8.com/event?e=23741&amp;d=364838&amp;f=ST,Mono-red_Aggro.html,Erikhov Maxim
https://www.mtgtop8.com/event?e=23773&amp;d=365165&amp;f=ST,Rdw.html,Bavan Schimper
https://www.mtgtop8.com/event?e=23773&amp;d=365168&amp;f=ST,Cavalcade_Red.html,Jarred Cook
https://www.mtgtop8.com/event?e=23678&amp;d=364325&amp;f=ST,Red_Deck_Wins.html,Shasha
https://www.mtgtop8.com/event?e=23645&amp;d=363996&amp;f=ST,Mono-red_Aggro.html,Kapelan Maxim
https://www.mtgtop8.com/event?e=23666&amp;d=364234&amp;f=ST,Red_Deck_Wins.html,Kawashima Takeru
https://www.mtgtop8.com/event?e=23669&amp;d=364257&amp;f=ST,Red_Deck_Wins.html,Erik Rose
https://www.mtgtop8.com/event?e=23669&amp;d=364259&amp;f=ST,Red_Deck_Wins.html,Gerald Fordyce
https://www.mtgtop8.com/event?e=23614&amp;d=363648&amp;f=ST,Red_Deck_Wins.html,Dark_Samurai
https://www.mtgtop8.com/event?e=23578&amp;d=363296&amp;f=ST,Monored_Cavalcade.html,Erikhov Maxim
https://www.mtgtop8.com/event?e=23559&amp;d=363092&amp;f=ST,Red_Deck_Wins.html,karben
https://www.mtgtop8.com/event?e=23515&amp;d=362589&amp;f=ST,Red_Deck_Wins.html,Delthar
https://www.mtgtop8.com/event?e=23503&amp;d=362416&amp;f=ST,Red_Deck_Wins.html,Chen Li
https://www.mtgtop8.com/event?e=23467&amp;d=362146&amp;f=ST,Red_Deck_Wins.html,ElYallo
https://www.mtgtop8.com/event?e=23482&amp;d=362272&amp;f=ST,Mono_Red.html,Jade Go
https://www.mtgtop8.com/event?e=23424&amp;d=361761&amp;f=ST,Red_Deck_Wins.html,Poyo_del_Mal
https://www.mtgtop8.com/event?e=23420&amp;d=361706&amp;f=ST,Red_Deck_Wins.html,Koshimoto Haruki
https://www.mtgtop8.com/event?e=23763&amp;d=365033&amp;f=ST,Selesnya_Aggro.html,Kazaner3000
https://www.mtgtop8.com/event?e=23734&amp;d=364786&amp;f=ST,Selesnya_Adventures.html,Dyachenko Andrew
https://www.mtgtop8.com/event?e=23749&amp;d=364936&amp;f=ST,Selesnya_Aggro.html,Shimokawabe Akinari
https://www.mtgtop8.com/event?e=23704&amp;d=364532&amp;f=ST,Selesnya_Adventure.html,Chris Yap
https://www.mtgtop8.com/event?e=23716&amp;d=364615&amp;f=ST,Selesnya_Adventure.html,Cole G
https://www.mtgtop8.com/event?e=23716&amp;d=364617&amp;f=ST,Selesnya_Adventure.html,Jonathan P
https://www.mtgtop8.com/event?e=23721&amp;d=364655&amp;f=ST,G-w_Adventure.html,Zach Keathley
https://www.mtgtop8.com/event?e=23628&amp;d=363793&amp;f=ST,Selesnya_Adventure.html,Andrew Cuneo
https://www.mtgtop8.com/event?e=23681&amp;d=364363&amp;f=ST,Selesnya_Aggro.html,Jose Santana
https://www.mtgtop8.com/event?e=23515&amp;d=362592&amp;f=ST,Selesnya_Aggro.html,worrier1000
https://www.mtgtop8.com/event?e=23476&amp;d=362224&amp;f=ST,Selesnya_Aggro.html,Jonah Niede
https://www.mtgtop8.com/event?e=23415&amp;d=361672&amp;f=ST,Selesnya.html,Raphael Smith
https://www.mtgtop8.com/event?e=23371&amp;d=361201&amp;f=ST,Selesnya_Aggro.html,Stephan Schwarz
https://www.mtgtop8.com/event?e=23371&amp;d=361224&amp;f=ST,Selesnya_Aggro.html,Christian Hauck
https://www.mtgtop8.com/event?e=23371&amp;d=361237&amp;f=ST,Selesnya_Aggro.html,Mark Donaldson
https://www.mtgtop8.com/event?e=23355&amp;d=361025&amp;f=ST,Selesnya_Aggro.html,Team5c
https://www.mtgtop8.com/event?e=23332&amp;d=360726&amp;f=ST,Selesnya_Aggro.html,Dave Sea
https://www.mtgtop8.com/event?e=23285&amp;d=360260&amp;f=ST,Selesnya_Aggro.html,Lewkmtg
https://www.mtgtop8.com/event?e=23285&amp;d=360269&amp;f=ST,Selesnya_Aggro.html,Jim Davis
https://www.mtgtop8.com/event?e=23285&amp;d=360275&amp;f=ST,Selesnya_Aggro.html,Zack Brown
https://www.mtgtop8.com/event?e=23772&amp;d=365163&amp;f=ST,Simic_Flash.html,Kryssys
https://www.mtgtop8.com/event?e=23763&amp;d=365036&amp;f=ST,Simic_Flash.html,Kryssys
https://www.mtgtop8.com/event?e=23710&amp;d=364578&amp;f=ST,Simic_Food.html,Wanja Huber
https://www.mtgtop8.com/event?e=23734&amp;d=364785&amp;f=ST,Simic_Flash.html,Maximov Alexander
https://www.mtgtop8.com/event?e=23749&amp;d=364938&amp;f=ST,Simic_Food.html,Motomura Shigeru
https://www.mtgtop8.com/event?e=23749&amp;d=364940&amp;f=ST,Simic_Flash.html,Miyawaki Takeshi
https://www.mtgtop8.com/event?e=23753&amp;d=364979&amp;f=ST,Simic_Food.html,Nicholas Hnatyshyn
https://www.mtgtop8.com/event?e=23704&amp;d=364529&amp;f=ST,Simic_Food.html,Luke Mulcahy
https://www.mtgtop8.com/event?e=23704&amp;d=364531&amp;f=ST,Simic_Food.html,Geoffrey Marshall
https://www.mtgtop8.com/event?e=23653&amp;d=364107&amp;f=ST,Simic_Flash.html,WarAndMagicTV
https://www.mtgtop8.com/event?e=23636&amp;d=363891&amp;f=ST,Simic_Food.html,Vincent Hocquemiller
https://www.mtgtop8.com/event?e=23642&amp;d=363964&amp;f=ST,Simic_Food.html,Yamade Masato
https://www.mtgtop8.com/event?e=23642&amp;d=363965&amp;f=ST,Simic_Food.html,Tsutai Koutarou
https://www.mtgtop8.com/event?e=23642&amp;d=363967&amp;f=ST,Simic_Food.html,Shiohata Ryousuke
https://www.mtgtop8.com/event?e=23642&amp;d=363968&amp;f=ST,Simic_Food.html,Kuroda Masashiro
https://www.mtgtop8.com/event?e=23645&amp;d=363990&amp;f=ST,Simic_Flash.html,Angurtsov Artem
https://www.mtgtop8.com/event?e=23712&amp;d=364585&amp;f=ST,Simic_Oko.html,Ng Jun Ye
https://www.mtgtop8.com/event?e=23712&amp;d=364586&amp;f=ST,Simic_Oko.html,Teo Yuen Peir (jack)
https://www.mtgtop8.com/event?e=23740&amp;d=364832&amp;f=ST,Simic_Food.html,The Philosopher
https://www.mtgtop8.com/event?e=23630&amp;d=363800&amp;f=ST,Simic_Oko.html,Wolf Christopher
https://www.mtgtop8.com/event?e=23787&amp;d=365294&amp;f=ST,Simic_Ramp.html,Anthony Lee
https://www.mtgtop8.com/event?e=23763&amp;d=365037&amp;f=ST,Simic_Control.html,NMT_Sco94
https://www.mtgtop8.com/event?e=23749&amp;d=364937&amp;f=ST,Simic_Control.html,Tanabe Takumi
https://www.mtgtop8.com/event?e=23721&amp;d=364649&amp;f=ST,Simic_Food.html,Casey Masterson
https://www.mtgtop8.com/event?e=23727&amp;d=364707&amp;f=ST,Simic_Control.html,Thiago Rosenmann
https://www.mtgtop8.com/event?e=23688&amp;d=364408&amp;f=ST,Simic_Control.html,BernardoDG
https://www.mtgtop8.com/event?e=23628&amp;d=363797&amp;f=ST,Simic_Control.html,Ondrej Strasky
https://www.mtgtop8.com/event?e=23628&amp;d=363795&amp;f=ST,Simic_Control.html,Sebastian Pozzo
https://www.mtgtop8.com/event?e=23628&amp;d=363794&amp;f=ST,Simic_Control.html,Paulo Vitor Damo Da Rosa
https://www.mtgtop8.com/event?e=23628&amp;d=363837&amp;f=ST,Simic_Control.html,Andrew Huska
https://www.mtgtop8.com/event?e=23600&amp;d=363529&amp;f=ST,Simic_Manipulation.html,Drew Christensen
https://www.mtgtop8.com/event?e=23545&amp;d=362978&amp;f=ST,Simic_Ramp.html,Zhupikov Alexander
https://www.mtgtop8.com/event?e=23494&amp;d=362361&amp;f=ST,Simic_Ramp.html,Zhupikov Alexander
https://www.mtgtop8.com/event?e=23284&amp;d=360259&amp;f=ST,Sultai_Ramp.html,Nagao Kengo
https://www.mtgtop8.com/event?e=23237&amp;d=359814&amp;f=ST,Simic_PW.html,Mike Sigrist
https://www.mtgtop8.com/event?e=23239&amp;d=359847&amp;f=ST,Simic_PW.html,Nerevar83
https://www.mtgtop8.com/event?e=23231&amp;d=359756&amp;f=ST,Simic_PW.html,Vodkacrusader
https://www.mtgtop8.com/event?e=23231&amp;d=359757&amp;f=ST,Simic_PW.html,Mastermind1429
https://www.mtgtop8.com/event?e=23234&amp;d=359783&amp;f=ST,Simic_Emry.html,Truedawn
https://www.mtgtop8.com/event?e=23234&amp;d=359789&amp;f=ST,Simic_Oko.html,Caleb D
https://www.mtgtop8.com/event?e=23712&amp;d=364588&amp;f=ST,Sultai_Flash.html,Shawn Khoo
https://www.mtgtop8.com/event?e=23574&amp;d=363270&amp;f=ST,Sultai_Oko.html,Por Yong Xiang
https://www.mtgtop8.com/event?e=23585&amp;d=363348&amp;f=ST,Sultai_Aggro.html,Federico Redolli
https://www.mtgtop8.com/event?e=23583&amp;d=363320&amp;f=ST,Sultai_Aggro.html,Manuel Jacob
https://www.mtgtop8.com/event?e=23525&amp;d=362725&amp;f=ST,Sultai_Aggro.html,Zvavok
https://www.mtgtop8.com/event?e=23525&amp;d=362733&amp;f=ST,Sultai_Aggro.html,Upumpa89
https://www.mtgtop8.com/event?e=23525&amp;d=362758&amp;f=ST,Sultai_Aggro.html,Kiteon
https://www.mtgtop8.com/event?e=23534&amp;d=362898&amp;f=ST,Sultai_Aggro.html,Andrew Singleton
https://www.mtgtop8.com/event?e=23534&amp;d=362903&amp;f=ST,Sultai_Aggro.html,Jake Frederick
https://www.mtgtop8.com/event?e=23554&amp;d=363042&amp;f=ST,Sultai_Aggro.html,Daniel Russell
https://www.mtgtop8.com/event?e=23317&amp;d=360602&amp;f=ST,Sultai_Aggro.html,Oomura Hajime
https://www.mtgtop8.com/event?e=23278&amp;d=360214&amp;f=ST,Sultai_Midrange.html,Nebykov Denis
https://www.mtgtop8.com/event?e=23264&amp;d=360074&amp;f=ST,Sultai_Aggro.html,SamuelGraebner
https://www.mtgtop8.com/event?e=23238&amp;d=359826&amp;f=ST,Sultai_Aggro.html,Paplinki
https://www.mtgtop8.com/event?e=23238&amp;d=359830&amp;f=ST,Sultai_Flash.html,Valorj
https://www.mtgtop8.com/event?e=23083&amp;d=358443&amp;f=ST,Sultai_Aggro.html,Quatch
https://www.mtgtop8.com/event?e=22957&amp;d=357299&amp;f=ST,Sultai_Flash.html,Flavio Ruhke
https://www.mtgtop8.com/event?e=22957&amp;d=357304&amp;f=ST,Sultai_Flash.html,Diego Carvalho
https://www.mtgtop8.com/event?e=22920&amp;d=356849&amp;f=ST,Sultai_Elemental.html,Wakita Tomoyuki
https://www.mtgtop8.com/event?e=22607&amp;d=354110&amp;f=ST,Sultai_Aggro.html,John Vorderbrueggen
https://www.mtgtop8.com/event?e=23772&amp;d=365160&amp;f=ST,Sultai_Control.html,O_danielakos
https://www.mtgtop8.com/event?e=23763&amp;d=365034&amp;f=ST,Sultai_Sacrifice.html,xhpc007
https://www.mtgtop8.com/event?e=23763&amp;d=365043&amp;f=ST,Sultai_Control.html,katoriarch123
https://www.mtgtop8.com/event?e=23749&amp;d=364935&amp;f=ST,Sultai_Control.html,Ishikawa Koji
https://www.mtgtop8.com/event?e=23754&amp;d=364990&amp;f=ST,Sultai_Oko-less.html,Rémi D'emmerez
https://www.mtgtop8.com/event?e=23704&amp;d=364528&amp;f=ST,Sultai_Food.html,Trent Clarke
https://www.mtgtop8.com/event?e=23716&amp;d=364618&amp;f=ST,Sultai_Sacrifice.html,Andrew C
https://www.mtgtop8.com/event?e=23716&amp;d=364619&amp;f=ST,Sultai_Sacrifice.html,Anthony P
https://www.mtgtop8.com/event?e=23724&amp;d=364684&amp;f=ST,Sultaï_Sacrifice.html,Charles Wickham
https://www.mtgtop8.com/event?e=23721&amp;d=364650&amp;f=ST,Sultai_Sacrifice.html,Jason Pitts
https://www.mtgtop8.com/event?e=23721&amp;d=364651&amp;f=ST,Sultai_Control.html,Gregory Ervin
https://www.mtgtop8.com/event?e=23721&amp;d=364653&amp;f=ST,nan.html,Thomas Yarbrough
https://www.mtgtop8.com/event?e=23721&amp;d=364654&amp;f=ST,Sultai_Food.html,Garret Martin
https://www.mtgtop8.com/event?e=23724&amp;d=364685&amp;f=ST,Sultai_Sacrifice.html,Théau Mery
https://www.mtgtop8.com/event?e=23724&amp;d=364686&amp;f=ST,Sultai_Sacrifice.html,Martin Krawies
https://www.mtgtop8.com/event?e=23724&amp;d=364689&amp;f=ST,Sultai_Oko.html,Sofiane Sehil
https://www.mtgtop8.com/event?e=23724&amp;d=364691&amp;f=ST,Sultai_Sacrifice.html,Martine Müller
https://www.mtgtop8.com/event?e=23739&amp;d=364824&amp;f=ST,Sultai_Sacrifice.html,Adam Fiffles
https://www.mtgtop8.com/event?e=23739&amp;d=364825&amp;f=ST,Sultai_Sacrifice.html,Alex Barrera
https://www.mtgtop8.com/event?e=23739&amp;d=364827&amp;f=ST,Sultai_Sacrifice.html,Carlo Negrete
https://www.mtgtop8.com/event?e=23734&amp;d=364784&amp;f=ST,Temur_Elementals.html,Sidorov Ivan
https://www.mtgtop8.com/event?e=23642&amp;d=363961&amp;f=ST,Temur_Aggro.html,Taniguchi Hiroaki
https://www.mtgtop8.com/event?e=23578&amp;d=363293&amp;f=ST,Temur_Elementals.html,Kolesnik Dmitry
https://www.mtgtop8.com/event?e=23479&amp;d=362245&amp;f=ST,Temur_Elementals.html,Kolesnik Dmitriy
https://www.mtgtop8.com/event?e=23472&amp;d=362192&amp;f=ST,Temur_Aggro.html,Mizuno Masahito
https://www.mtgtop8.com/event?e=23424&amp;d=361768&amp;f=ST,Temur_Aggro.html,Chayajom
https://www.mtgtop8.com/event?e=23470&amp;d=362179&amp;f=ST,Temur_Superfriends.html,Stefan Bill
https://www.mtgtop8.com/event?e=23461&amp;d=362105&amp;f=ST,Temur_Aggro.html,Horiuchi Makoto
https://www.mtgtop8.com/event?e=23390&amp;d=361397&amp;f=ST,Temur_Aggro_PW.html,Chayajom
https://www.mtgtop8.com/event?e=23392&amp;d=361423&amp;f=ST,Temur_Aggro.html,Kanye Best
https://www.mtgtop8.com/event?e=23392&amp;d=361424&amp;f=ST,Temur_Aggro.html,Bloody
https://www.mtgtop8.com/event?e=23355&amp;d=361023&amp;f=ST,Temur_Aggro_PW.html,guinthos201111
https://www.mtgtop8.com/event?e=23370&amp;d=361189&amp;f=ST,Temur_PW.html,Yamaguchi Takurou
https://www.mtgtop8.com/event?e=23330&amp;d=360707&amp;f=ST,Temur_Aggro.html,Fulgence
https://www.mtgtop8.com/event?e=23272&amp;d=360159&amp;f=ST,Temur_Elemental.html,Kita Masahiro
https://www.mtgtop8.com/event?e=23238&amp;d=359825&amp;f=ST,Temur_Elementals.html,Cyb3r_dragon
https://www.mtgtop8.com/event?e=23166&amp;d=359232&amp;f=ST,Temur_Elemental.html,rapidluis08
https://www.mtgtop8.com/event?e=23224&amp;d=359691&amp;f=ST,Temur_Elementals.html,Max Gibson-flader
https://www.mtgtop8.com/event?e=23127&amp;d=358910&amp;f=ST,Temur_Elemental.html,bkm
https://www.mtgtop8.com/event?e=23187&amp;d=359440&amp;f=ST,Temur_Elemental.html,Dominick Dews
https://www.mtgtop8.com/event?e=23790&amp;d=365311&amp;f=ST,Temur_Reclamation.html,Okuda Masateru
https://www.mtgtop8.com/event?e=23772&amp;d=365161&amp;f=ST,Temur_Reclamation.html,INickStrad
https://www.mtgtop8.com/event?e=23734&amp;d=364789&amp;f=ST,Temur_Reclamation.html,Serov Stanislav
https://www.mtgtop8.com/event?e=23749&amp;d=364939&amp;f=ST,Temur_Reclamation.html,Hibino Yasutaka
https://www.mtgtop8.com/event?e=23749&amp;d=364942&amp;f=ST,Temur_Reclamation.html,Suzuki Kazushige
https://www.mtgtop8.com/event?e=23753&amp;d=364986&amp;f=ST,Temur_Reclamation.html,Attila Fur
https://www.mtgtop8.com/event?e=23688&amp;d=364409&amp;f=ST,Temur_Reclamation.html,dominizzi
https://www.mtgtop8.com/event?e=23653&amp;d=364109&amp;f=ST,Temur_Reclamation.html,Bullwinkkle6705
https://www.mtgtop8.com/event?e=23636&amp;d=363886&amp;f=ST,Temur_Reclamation.html,Dylan Boulinguiez
https://www.mtgtop8.com/event?e=23636&amp;d=363892&amp;f=ST,Temur_Reclamation.html,Nicolas-robin Plinate
https://www.mtgtop8.com/event?e=23642&amp;d=363966&amp;f=ST,Temur_Reclamation.html,Nakajima You
https://www.mtgtop8.com/event?e=23643&amp;d=363976&amp;f=ST,Temur_Reclamation.html,Julien Berteuax
https://www.mtgtop8.com/event?e=23669&amp;d=364264&amp;f=ST,Temur_Reclamation.html,Dylan Petitt
https://www.mtgtop8.com/event?e=23671&amp;d=364273&amp;f=ST,Temur_Reclamation.html,Dennis Raduazzo
https://www.mtgtop8.com/event?e=23628&amp;d=363853&amp;f=ST,Temur_Planeswalkers.html,Harm-Joost Van Kuijk
https://www.mtgtop8.com/event?e=23628&amp;d=363854&amp;f=ST,Temur_Reclamation.html,Stefan Schütz
https://www.mtgtop8.com/event?e=23614&amp;d=363663&amp;f=ST,Temur_Reclamation.html,ChillingLauge
https://www.mtgtop8.com/event?e=23590&amp;d=363407&amp;f=ST,TemurReclamation.html,melv.p
https://www.mtgtop8.com/event?e=23590&amp;d=363410&amp;f=ST,Temur_Reclamation.html,MentalMisstep
https://www.mtgtop8.com/event?e=23594&amp;d=363486&amp;f=ST,Temur_Reclamation.html,MentalMisstep
https://www.mtgtop8.com/event?e=23363&amp;d=361129&amp;f=ST,UB_Control.html,Harper Grimsley
https://www.mtgtop8.com/event?e=23210&amp;d=359599&amp;f=ST,UB_Control.html,MatiCheto
https://www.mtgtop8.com/event?e=23221&amp;d=359670&amp;f=ST,Ub_Control.html,Falc0rn
https://www.mtgtop8.com/event?e=23221&amp;d=359669&amp;f=ST,Ub_Mill.html,Hyquare
https://www.mtgtop8.com/event?e=23166&amp;d=359234&amp;f=ST,UB_Control.html,Harry13
https://www.mtgtop8.com/event?e=23187&amp;d=359437&amp;f=ST,UB_Control.html,Nolan Franck
https://www.mtgtop8.com/event?e=22762&amp;d=355497&amp;f=ST,UB_Control.html,ElYallo
https://www.mtgtop8.com/event?e=22256&amp;d=350773&amp;f=ST,UB_Control.html,Callofcthulhu
https://www.mtgtop8.com/event?e=22102&amp;d=349427&amp;f=ST,UB_Control.html,Xx_Mully60_xX
https://www.mtgtop8.com/event?e=22131&amp;d=349714&amp;f=ST,UB_Control.html,Jessica Estephan
https://www.mtgtop8.com/event?e=22090&amp;d=349322&amp;f=ST,UB_Control.html,Zhang Bowen
https://www.mtgtop8.com/event?e=22091&amp;d=349329&amp;f=ST,UB_Control.html,Matthew Nass
https://www.mtgtop8.com/event?e=22091&amp;d=349345&amp;f=ST,UB_Control.html,Grzegorz Kowalski
https://www.mtgtop8.com/event?e=21896&amp;d=347438&amp;f=ST,UB_Control.html,Grzegorz Kowalski
https://www.mtgtop8.com/event?e=21957&amp;d=348043&amp;f=ST,UB_Control.html,Grzegorz Kowalski
https://www.mtgtop8.com/event?e=21839&amp;d=346937&amp;f=ST,UB_Control.html,CoffeeHouseRyan
https://www.mtgtop8.com/event?e=21807&amp;d=346749&amp;f=ST,UB_Control.html,Timothy Madsen
https://www.mtgtop8.com/event?e=21852&amp;d=347022&amp;f=ST,Dimir_Control.html,Jin Liu
https://www.mtgtop8.com/event?e=21769&amp;d=346491&amp;f=ST,Dimir_Control.html,SamuelGraebner
https://www.mtgtop8.com/event?e=21769&amp;d=346498&amp;f=ST,UB_Control.html,RagingMachismo
https://www.mtgtop8.com/event?e=23677&amp;d=364319&amp;f=ST,Izzet_Spells.html,JoÃ£o Victor Silva
https://www.mtgtop8.com/event?e=23402&amp;d=361554&amp;f=ST,Izzet_Draw-two.html,Christopher Kelly
https://www.mtgtop8.com/event?e=23358&amp;d=361083&amp;f=ST,Izzet_Midrange.html,Niedzwiedz
https://www.mtgtop8.com/event?e=23303&amp;d=360482&amp;f=ST,UR_Flash_Burn.html,Gerschi
https://www.mtgtop8.com/event?e=23273&amp;d=360170&amp;f=ST,Izzet_Phoenix.html,Tee3cat
https://www.mtgtop8.com/event?e=23277&amp;d=360208&amp;f=ST,Izzet.html,Brian Garia
https://www.mtgtop8.com/event?e=23264&amp;d=360070&amp;f=ST,Izzet_Spells.html,JMM
https://www.mtgtop8.com/event?e=23239&amp;d=359838&amp;f=ST,Izzet_Phoenix.html,Capi5681
https://www.mtgtop8.com/event?e=23234&amp;d=359777&amp;f=ST,Izzet_Spells.html,Yellowhat
https://www.mtgtop8.com/event?e=23197&amp;d=359517&amp;f=ST,UR_Aggro.html,Takenaka Tooru
https://www.mtgtop8.com/event?e=22920&amp;d=356848&amp;f=ST,UR_Aggro.html,Matsuo Shintaro
https://www.mtgtop8.com/event?e=22920&amp;d=356853&amp;f=ST,UR_Aggro.html,Makino Tatsuya
https://www.mtgtop8.com/event?e=22860&amp;d=356307&amp;f=ST,UR_Aggro.html,Bernardo Melo
https://www.mtgtop8.com/event?e=22692&amp;d=354888&amp;f=ST,UR_Aggro.html,cha21
https://www.mtgtop8.com/event?e=22655&amp;d=354601&amp;f=ST,UR_Aggro.html,Lee Duffy-ledbetter
https://www.mtgtop8.com/event?e=22588&amp;d=353971&amp;f=ST,UR_Aggro.html,Dave Sea
https://www.mtgtop8.com/event?e=22563&amp;d=353783&amp;f=ST,Izzet_Phoenix.html,Babelfish008
https://www.mtgtop8.com/event?e=22492&amp;d=353006&amp;f=ST,Izzet_Phoenix.html,Michael Posada
https://www.mtgtop8.com/event?e=22457&amp;d=352685&amp;f=ST,UR_Aggro.html,TopGrinder
https://www.mtgtop8.com/event?e=22372&amp;d=351858&amp;f=ST,Izzet_Phoenix.html,Yashiro Kazuki
https://www.mtgtop8.com/event?e=23772&amp;d=365157&amp;f=ST,UW_Control.html,zer1997
https://www.mtgtop8.com/event?e=17770&amp;d=310168&amp;f=ST,UR_Artifacts.html,Wonkothekiller
https://www.mtgtop8.com/event?e=10521&amp;d=260207&amp;f=ST,UR_Artifacts.html,Dafore
https://www.mtgtop8.com/event?e=10514&amp;d=260182&amp;f=ST,UR_Artifacts.html,babones
https://www.mtgtop8.com/event?e=10514&amp;d=260183&amp;f=ST,UR_Artifacts.html,marolanzi
https://www.mtgtop8.com/event?e=10384&amp;d=259388&amp;f=ST,UR_Artifacts.html,ryota09
https://www.mtgtop8.com/event?e=10384&amp;d=259389&amp;f=ST,URArtifacts.html,Sneaky homunkulus
https://www.mtgtop8.com/event?e=10362&amp;d=259293&amp;f=ST,UR_Artifacts.html,zeuth
https://www.mtgtop8.com/event?e=10377&amp;d=259321&amp;f=ST,UR_Artifacts.html,Gianmarco Tolli
https://www.mtgtop8.com/event?e=10377&amp;d=259323&amp;f=ST,UR_Artifacts.html,Stefano Eusebi
https://www.mtgtop8.com/event?e=10346&amp;d=259250&amp;f=ST,UR_Artifacts.html,Enotpaniker
https://www.mtgtop8.com/event?e=10409&amp;d=259577&amp;f=ST,UR_Artifacts.html,Alberto IbaÃñez Sanchez
https://www.mtgtop8.com/event?e=10284&amp;d=258976&amp;f=ST,UR_Artifacts.html,ArcaCrema
https://www.mtgtop8.com/event?e=10286&amp;d=258980&amp;f=ST,UR_Artifacts.html,ryota09
https://www.mtgtop8.com/event?e=10246&amp;d=258754&amp;f=ST,UR_Artifacts.html,Kempa79
https://www.mtgtop8.com/event?e=10242&amp;d=258747&amp;f=ST,UR_Artifacts.html,sans
https://www.mtgtop8.com/event?e=10264&amp;d=258907&amp;f=ST,UR_Artifacts.html,Thomas Thominen
https://www.mtgtop8.com/event?e=10219&amp;d=258660&amp;f=ST,UR_Artifacts.html,PeterPea
https://www.mtgtop8.com/event?e=10220&amp;d=258677&amp;f=ST,UR_Artifacts.html,Joshua Everly
https://www.mtgtop8.com/event?e=10225&amp;d=258692&amp;f=ST,UR_Artifacts.html,PeterPea
https://www.mtgtop8.com/event?e=23763&amp;d=365041&amp;f=ST,UW_Control.html,Ammazzanator
https://www.mtgtop8.com/event?e=23754&amp;d=364989&amp;f=ST,Uw_Control.html,Clément Sarton
https://www.mtgtop8.com/event?e=23716&amp;d=364612&amp;f=ST,Azorious_Control.html,David K
https://www.mtgtop8.com/event?e=23721&amp;d=364648&amp;f=ST,Blue_White_Control.html,Tyler Smith
https://www.mtgtop8.com/event?e=23739&amp;d=364826&amp;f=ST,UW_Control.html,Roman Fusco
https://www.mtgtop8.com/event?e=23688&amp;d=364407&amp;f=ST,UW_Control.html,yerffej03
https://www.mtgtop8.com/event?e=23677&amp;d=364315&amp;f=ST,UW_Control.html,Pedro Lauria
https://www.mtgtop8.com/event?e=23581&amp;d=363310&amp;f=ST,UW_Control.html,Florian Trotte
https://www.mtgtop8.com/event?e=23578&amp;d=363295&amp;f=ST,Azorius_Control.html,Smirnov Alexander
https://www.mtgtop8.com/event?e=23575&amp;d=363277&amp;f=ST,UW_Control.html,Yiming Zhi
https://www.mtgtop8.com/event?e=23619&amp;d=363699&amp;f=ST,UW_Control.html,Kaya Gregg
https://www.mtgtop8.com/event?e=23525&amp;d=362781&amp;f=ST,UW_Control.html,Edmvyrus
https://www.mtgtop8.com/event?e=23303&amp;d=360483&amp;f=ST,UW_Control.html,WaToO
https://www.mtgtop8.com/event?e=23231&amp;d=359754&amp;f=ST,Uw_Control.html,Mtg_antiheld
https://www.mtgtop8.com/event?e=22939&amp;d=357050&amp;f=ST,Azorius_Mill.html,Jesse Jasper Neyra
https://www.mtgtop8.com/event?e=23065&amp;d=358264&amp;f=ST,Azorius_One_Last_Time.html,Thorben Beckmann
https://www.mtgtop8.com/event?e=22395&amp;d=352107&amp;f=ST,Azorius_Legends.html,Marcio Demetrius Preto
https://www.mtgtop8.com/event?e=22133&amp;d=349734&amp;f=ST,UW_PW.html,Yasuda Masayuki
https://www.mtgtop8.com/event?e=21990&amp;d=348398&amp;f=ST,UW_Control.html,Marcos Carbone
https://www.mtgtop8.com/event?e=21936&amp;d=347834&amp;f=ST,Uw_Control.html,Anderson Souto
https://www.mtgtop8.com/event?e=23578&amp;d=363291&amp;f=ST,White_Weenie.html,Nematov Ruslan
https://www.mtgtop8.com/event?e=23348&amp;d=360864&amp;f=ST,Weenie_White.html,Tobe Masamune
https://www.mtgtop8.com/event?e=23285&amp;d=360264&amp;f=ST,Weenie_White.html,Lee Shi Tian
https://www.mtgtop8.com/event?e=23273&amp;d=360168&amp;f=ST,Mono_White.html,Dirednayt
https://www.mtgtop8.com/event?e=22884&amp;d=356517&amp;f=ST,Mono_White_Aggro.html,Dwi Nugroho
https://www.mtgtop8.com/event?e=22493&amp;d=353030&amp;f=ST,Weenie_White.html,Yaggdryzzill
https://www.mtgtop8.com/event?e=22485&amp;d=352932&amp;f=ST,Weenie_White.html,Aiden Brier
https://www.mtgtop8.com/event?e=22492&amp;d=353009&amp;f=ST,White_Weenie.html,Jose E. Canto
https://www.mtgtop8.com/event?e=22499&amp;d=353093&amp;f=ST,Weenie_White.html,U_mad_bro
https://www.mtgtop8.com/event?e=22523&amp;d=353374&amp;f=ST,Mono_W.html,Martijn Van Harlingen
https://www.mtgtop8.com/event?e=22457&amp;d=352686&amp;f=ST,Weenie_White.html,xfile
https://www.mtgtop8.com/event?e=22457&amp;d=352689&amp;f=ST,Weenie_White.html,HEROtsukai
https://www.mtgtop8.com/event?e=22410&amp;d=352208&amp;f=ST,Weenie_White.html,Yaggdryzzill
https://www.mtgtop8.com/event?e=22372&amp;d=351861&amp;f=ST,Weenie_White.html,Mastushika Kouhei
https://www.mtgtop8.com/event?e=22343&amp;d=351630&amp;f=ST,Weenie_White.html,HEROtsukai
https://www.mtgtop8.com/event?e=22351&amp;d=351686&amp;f=ST,Weenie_White.html,Conanhawk
https://www.mtgtop8.com/event?e=22391&amp;d=352091&amp;f=ST,Weenie_White.html,Björn Krusche
https://www.mtgtop8.com/event?e=22353&amp;d=351706&amp;f=ST,WW.html,Drew Iafrate
https://www.mtgtop8.com/event?e=22304&amp;d=351245&amp;f=ST,Weenie_White.html,Yellowhat
https://www.mtgtop8.com/event?e=22304&amp;d=351252&amp;f=ST,Weenie_White.html,Cornanhawk
